/*
SQLyog v10.2 
MySQL - 5.5.28 : Database - wikestudy
*********************************************************************
*/

/*!40101 SET NAMES utf8 */;

/*!40101 SET SQL_MODE=''*/;

/*!40014 SET @OLD_UNIQUE_CHECKS=@@UNIQUE_CHECKS, UNIQUE_CHECKS=0 */;
/*!40014 SET @OLD_FOREIGN_KEY_CHECKS=@@FOREIGN_KEY_CHECKS, FOREIGN_KEY_CHECKS=0 */;
/*!40101 SET @OLD_SQL_MODE=@@SQL_MODE, SQL_MODE='NO_AUTO_VALUE_ON_ZERO' */;
/*!40111 SET @OLD_SQL_NOTES=@@SQL_NOTES, SQL_NOTES=0 */;
CREATE DATABASE /*!32312 IF NOT EXISTS*/`wikestudy` /*!40100 DEFAULT CHARACTER SET utf8 */;

USE `wikestudy`;

/*Table structure for table `t_answer` */

DROP TABLE IF EXISTS `t_answer`;

CREATE TABLE `t_answer` (
  `ans_id` int(11) NOT NULL AUTO_INCREMENT COMMENT '主键',
  `question_id` int(11) NOT NULL COMMENT '存放问题的id',
  `answer` varchar(200) NOT NULL DEFAULT '' COMMENT '对问题的回答,多答案则分号隔开',
  `student_id` int(11) NOT NULL COMMENT '学生的id',
  PRIMARY KEY (`ans_id`)
) ENGINE=InnoDB AUTO_INCREMENT=109 DEFAULT CHARSET=utf8;

/*Data for the table `t_answer` */

insert  into `t_answer`(`ans_id`,`question_id`,`answer`,`student_id`) values (94,39,'A',369),(95,40,'A',369),(96,41,'A',369),(97,42,'B',369),(98,43,'C',369),(99,44,'D',369),(100,45,'D',369),(101,46,'',369),(102,47,'',369),(103,48,'',369),(104,49,'',369),(105,50,'',369),(106,51,'',369),(107,52,'',369),(108,53,'',369);

/*Table structure for table `t_article` */

DROP TABLE IF EXISTS `t_article`;

CREATE TABLE `t_article` (
  `art_id` int(11) NOT NULL AUTO_INCREMENT,
  `art_type_id` int(11) NOT NULL,
  `art_author_id` int(11) NOT NULL,
  `art_title` varchar(50) NOT NULL DEFAULT '',
  `art_content` text NOT NULL,
  `art_time` datetime NOT NULL,
  `art_click` int(11) NOT NULL DEFAULT '0',
  PRIMARY KEY (`art_id`)
) ENGINE=InnoDB AUTO_INCREMENT=34 DEFAULT CHARSET=utf8;

/*Data for the table `t_article` */

insert  into `t_article`(`art_id`,`art_type_id`,`art_author_id`,`art_title`,`art_content`,`art_time`,`art_click`) values (14,4,1,'中小学办学体制改革高峰论坛在深举行，专家建言： 未来区域内学校可办成“学习中心”','<strong style=\"color: rgb(76, 76, 76); font-size: 14px; line-height: 24px; text-align: justify; text-indent: 24pt; font-family: \'Microsoft Yahei\', 微软雅黑e软雅黑6f雅黑, Tahoma, Arial, STHeiti, sans-serif;\">21</strong><strong style=\"color: rgb(76, 76, 76); font-size: 14px; line-height: 24px; text-align: justify; text-indent: 24pt; font-family: \'Microsoft Yahei\', 微软雅黑e软雅黑6f雅黑, Tahoma, Arial, STHeiti, sans-serif;\">世纪教育研究院、深圳市教育科学研究院、龙岗区教育局在深圳龙岗区华师附中举办中小学办学体制改革高峰论坛。来自14个地区的教育局长、全国各地的校长、教研人员、公益基金会等共500余人齐聚一堂，探讨如何构建政府、社会与学校的关系，扩大学校与社会在办学当中的参与性和话语权。</strong>\r\n<p style=\"margin: 10px 0px; padding: 0px; font-size: 14px; text-indent: 24pt; color: rgb(76, 76, 76); font-family: 宋体, sans-serif; line-height: 24px; text-align: justify; background: rgb(247, 250, 255);\">\r\n	&nbsp;</p>\r\n<p align=\"center\" style=\"margin: 10px 0px; padding: 0px; font-size: 14px; text-indent: 24pt; color: rgb(76, 76, 76); font-family: 宋体, sans-serif; line-height: 24px; text-align: center; background: rgb(247, 250, 255);\">\r\n	&nbsp;</p>\r\n<p align=\"center\" style=\"margin: 10px 0px; padding: 0px; font-size: 14px; text-indent: 24pt; color: rgb(76, 76, 76); font-family: 宋体, sans-serif; line-height: 24px; text-align: center; background: rgb(247, 250, 255);\">\r\n	<b>龙岗教育局与21世纪教育研究院签约。</b></p>\r\n<p style=\"margin: 10px 0px; padding: 0px; font-size: 14px; text-indent: 24pt; color: rgb(76, 76, 76); font-family: 宋体, sans-serif; line-height: 24px; text-align: justify; background: rgb(247, 250, 255);\">\r\n	<b>&nbsp;<img alt=\"\" src=\"http://www.szxiaodou.com/UploadFile/1604/071943117638313/071942464765392.jpg\" style=\"border: 0px; margin: 0px; padding: 0px; max-width: 600px; max-height: 800px;\" /></b></p>\r\n<p style=\"margin: 10px 0px; padding: 0px; font-size: 14px; text-indent: 24pt; color: rgb(76, 76, 76); font-family: 宋体, sans-serif; line-height: 24px; text-align: justify; background: rgb(247, 250, 255);\">\r\n	<b><strong style=\"font-family: \'Microsoft Yahei\', 微软雅黑e软雅黑6f雅黑, Tahoma, Arial, STHeiti, sans-serif;\">学校可以办成&ldquo;学习中心&rdquo;</strong></b></p>\r\n<p style=\"margin: 10px 0px; padding: 0px; font-size: 14px; text-indent: 24pt; color: rgb(76, 76, 76); font-family: 宋体, sans-serif; line-height: 24px; text-align: justify; background: rgb(247, 250, 255);\">\r\n	<b>&nbsp;</b></p>\r\n<p style=\"margin: 10px 0px; padding: 0px; font-size: 14px; text-indent: 24pt; color: rgb(76, 76, 76); font-family: 宋体, sans-serif; line-height: 24px; text-align: justify; background: rgb(247, 250, 255);\">\r\n	<b>在今年全国两会上，全国政协常委、副秘书长朱永新提交了13项提案。在当天论坛中，他围绕提案的内容展开了报告。他认为，教育的方式不是限制学校，而是应该鼓励学校，就像买商品一样不能限制大家选择。</b></p>\r\n<p style=\"margin: 10px 0px; padding: 0px; font-size: 14px; text-indent: 24pt; color: rgb(76, 76, 76); font-family: 宋体, sans-serif; line-height: 24px; text-align: justify; background: rgb(247, 250, 255);\">\r\n	<b>&nbsp;</b></p>\r\n<p style=\"margin: 10px 0px; padding: 0px; font-size: 14px; text-indent: 24pt; color: rgb(76, 76, 76); font-family: 宋体, sans-serif; line-height: 24px; text-align: justify; background: rgb(247, 250, 255);\">\r\n	<b>其中朱永新提出一个设想，未来的学校可以打破独立校区的概念，把区域里面的学校办成一个学习中心。他说，目前教育的重复投资很多，孩子白天在体制内的学校学习，放学后又在体制外的学校学习。把区域里的学校经评定后办成一个&ldquo;学习中心&rdquo;后，孩子可以选择到这个学校学习体育，在另一个学校学习语文，学分互认，最后由&ldquo;学习中心&rdquo;给孩子授予文凭。&ldquo;学校的转型是肯定的，未来的学校应该是个性化、定制化的。&rdquo;</b></p>\r\n<p style=\"margin: 10px 0px; padding: 0px; font-size: 14px; text-indent: 24pt; color: rgb(76, 76, 76); font-family: 宋体, sans-serif; line-height: 24px; text-align: justify; background: rgb(247, 250, 255);\">\r\n	<b>&nbsp;</b></p>\r\n<p style=\"margin: 10px 0px; padding: 0px; font-size: 14px; text-indent: 24pt; color: rgb(76, 76, 76); font-family: 宋体, sans-serif; line-height: 24px; text-align: justify; background: rgb(247, 250, 255);\">\r\n	<b><strong style=\"font-family: \'Microsoft Yahei\', 微软雅黑e软雅黑6f雅黑, Tahoma, Arial, STHeiti, sans-serif;\">办学体制朝3个方向改革</strong></b></p>\r\n<p style=\"margin: 10px 0px; padding: 0px; font-size: 14px; text-indent: 24pt; color: rgb(76, 76, 76); font-family: 宋体, sans-serif; line-height: 24px; text-align: justify; background: rgb(247, 250, 255);\">\r\n	<b>&nbsp;</b></p>\r\n<p style=\"margin: 10px 0px; padding: 0px; font-size: 14px; text-indent: 24pt; color: rgb(76, 76, 76); font-family: 宋体, sans-serif; line-height: 24px; text-align: justify; background: rgb(247, 250, 255);\">\r\n	<b>在全天的论坛中，来自8个地区的教育主管领导分享了该地区在办学体制方面的创新经验。上海较早探索委托管理模式，已形成区域性的方案。成都一方面通过政府购买服务改进公共教育资源的供给方式，另一方面坚持开放办学，推进社会参与，如青羊区在公办中小学中设立民主管理委员会，获得上一届&ldquo;地方教育制度创新奖&rdquo;。深圳在引入优质的教育品牌和社会力量参与公办学校办学同时，建立以校长为核心的董事会决策和管理制度，腾讯公益基金会与福田区政府合作兴办的明德实验学校，万科教育发展基金会在龙岗办的天誉实验学校都是典型的例子。温州则通过大力支持民办教育，用较少的财政经费，满足人民对教育的多样化需求，温州翔宇中学正是在这样的背景下产生。温州市教育局副局长戚德忠认为：&ldquo;民办教育的改革，归根结底，是观念的创新。观念的水位上去了，制度便会水涨船高。&rdquo;</b></p>\r\n<p style=\"margin: 10px 0px; padding: 0px; font-size: 14px; text-indent: 24pt; color: rgb(76, 76, 76); font-family: 宋体, sans-serif; line-height: 24px; text-align: justify; background: rgb(247, 250, 255);\">\r\n	<b>&nbsp;</b></p>\r\n<p style=\"margin: 10px 0px; padding: 0px; font-size: 14px; text-indent: 24pt; color: rgb(76, 76, 76); font-family: 宋体, sans-serif; line-height: 24px; text-align: justify; background: rgb(247, 250, 255);\">\r\n	<b>8个地区的体改模式既有相同之处，亦有其因地制宜的独特之处。论坛现场讨论的氛围热烈。但教育领域究竟如何实现管办分离，如何下放教育权力、释放教育红利，仍是一个巨大的挑战。本次论坛的主办方21世纪教育研究院发布的《中小学办学体制改革研究报告》认为，办学体制改革有3个基本方向，一是改革公办中小学办学体制，二是进一步发展民办教育，三是进一步开放教育，扩大社会参与。</b></p>\r\n','2016-05-07 15:47:12',6),(15,4,4,'市教育局部署学校安全管理工作，多措并举确保校园师生安全','<span style=\"color: rgb(76, 76, 76); font-family: 宋体, sans-serif; font-size: 14px; line-height: 24px; text-align: justify; text-indent: 28px; background-color: rgb(255, 255, 255);\">为贯彻落实3月14日全省中小学安全工作会议精神，3月24日，深圳市教育局召开全市学校安全工作会议，通报2015年全市学校安全管理工作情况，分析当前中小学校园安全形势，交流工作经验，并部署2016年学校安全管理重点工作。市教育局副局长许建领，市综治办和市公安局有关领导，市教育局有关处室负责人，各区教育行政部门分管副局长及安全科（办）负责人，深国投幼教管理中心负责人，市教育局直属学校分管副校长及安全主任共60多人参加会议。</span><br style=\"color: rgb(76, 76, 76); font-family: 宋体, sans-serif; font-size: 14px; line-height: 24px; text-align: justify; text-indent: 28px; background-color: rgb(255, 255, 255);\" />\r\n<br style=\"color: rgb(76, 76, 76); font-family: 宋体, sans-serif; font-size: 14px; line-height: 24px; text-align: justify; text-indent: 28px; background-color: rgb(255, 255, 255);\" />\r\n<span style=\"color: rgb(76, 76, 76); font-family: 宋体, sans-serif; font-size: 14px; line-height: 24px; text-align: justify; text-indent: 28px; background-color: rgb(255, 255, 255);\">2015年，全市教育系统围绕市政府和市教育局重点工作，通过&ldquo;六要&rdquo;（制度、基础、标准、科技、专业、宣传），加强学校安全管理，创新学校安全监管机制，开展校车管理、平安校园创建、安全标准化建设、隐患排查治理、宣传培训等工作，多措并举，取得明显成效，学校安全工作保持良好局面。2015年，市教育局被市委市政府评为&ldquo;深圳市平安建设先进单位&rdquo;。</span><br style=\"color: rgb(76, 76, 76); font-family: 宋体, sans-serif; font-size: 14px; line-height: 24px; text-align: justify; text-indent: 28px; background-color: rgb(255, 255, 255);\" />\r\n<br style=\"color: rgb(76, 76, 76); font-family: 宋体, sans-serif; font-size: 14px; line-height: 24px; text-align: justify; text-indent: 28px; background-color: rgb(255, 255, 255);\" />\r\n<span style=\"color: rgb(76, 76, 76); font-family: 宋体, sans-serif; font-size: 14px; line-height: 24px; text-align: justify; text-indent: 28px; background-color: rgb(255, 255, 255);\">市教育局副局长许建领在讲话中传达了全省中小学安全工作会议精神，肯定取得的成效，以及各单位的经验做法。他同时指出学校安全工作形势依然严峻，要求各区教育行政部门和学校务必进一步强化问题导向和忧患意识，深刻吸取光明新区&ldquo;12&middot;20&rdquo;特别重大滑坡事故教训，清醒认识当前安全生产面临的形势，始终坚持学生利益至上，在思想上牢固树立安全发展理念，时刻绷紧&ldquo;安全&rdquo;这根弦，不断增强工作责任感和紧迫感，以铁的纪律、铁的手腕，切实把安全生产抓得更严更细更实，保障学校和师生安全。</span><br style=\"color: rgb(76, 76, 76); font-family: 宋体, sans-serif; font-size: 14px; line-height: 24px; text-align: justify; text-indent: 28px; background-color: rgb(255, 255, 255);\" />\r\n<br style=\"color: rgb(76, 76, 76); font-family: 宋体, sans-serif; font-size: 14px; line-height: 24px; text-align: justify; text-indent: 28px; background-color: rgb(255, 255, 255);\" />\r\n<span style=\"color: rgb(76, 76, 76); font-family: 宋体, sans-serif; font-size: 14px; line-height: 24px; text-align: justify; text-indent: 28px; background-color: rgb(255, 255, 255);\">许建领强调各区教育行政部门和学校要切实落实一岗双责，完善学校安全管理责任体系。他要求各单位要按照全市&ldquo;城市管理治理年&rdquo;统一部署要求，重点从以下几个方面抓好今年学校安全管理工作：一是深化平安校园建设，完成校园&ldquo;六无&rdquo;整治工作；二是构建安全健康校园标准体系，提升规范化水平；三是强化学校食堂安全管理，保障师生饮食健康；四是加强校车安全管理，确保乘车学生人身安全；五是全方位开展安全教育进校园，提升师生安全能力水平；六是创新学校安全监管手段，提升专业化、信息化水平；七是加大协调力度，净化校园及周边治安环境。</span><br style=\"color: rgb(76, 76, 76); font-family: 宋体, sans-serif; font-size: 14px; line-height: 24px; text-align: justify; text-indent: 28px; background-color: rgb(255, 255, 255);\" />\r\n<br style=\"color: rgb(76, 76, 76); font-family: 宋体, sans-serif; font-size: 14px; line-height: 24px; text-align: justify; text-indent: 28px; background-color: rgb(255, 255, 255);\" />\r\n<span style=\"color: rgb(76, 76, 76); font-family: 宋体, sans-serif; font-size: 14px; line-height: 24px; text-align: justify; text-indent: 28px; background-color: rgb(255, 255, 255);\">最后，许建领要求各单位要全面贯彻&ldquo;一岗双责&rdquo;制度，明确责任、齐抓共管，从制度建设、队伍建设及&ldquo;人防、物防、技防&rdquo;等方面多措并举，进一步提升学校安全管理水平，为办人民满意教育贡献力量。</span><br style=\"color: rgb(76, 76, 76); font-family: 宋体, sans-serif; font-size: 14px; line-height: 24px; text-align: justify; text-indent: 28px; background-color: rgb(255, 255, 255);\" />\r\n<br style=\"color: rgb(76, 76, 76); font-family: 宋体, sans-serif; font-size: 14px; line-height: 24px; text-align: justify; text-indent: 28px; background-color: rgb(255, 255, 255);\" />\r\n<span style=\"color: rgb(76, 76, 76); font-family: 宋体, sans-serif; font-size: 14px; line-height: 24px; text-align: justify; text-indent: 28px; background-color: rgb(255, 255, 255);\">会上，市公安局、市综治办领导分别对校园治安、平安校园创建等工作提出了具体要求。福田区和南山区教育局，深圳外国语学校、盐田外国语学校分别介绍学生安全教育、学校食品安全管理、学校安全标准化及平安校园创建工作经验。</span>','2016-05-07 15:48:10',0),(16,4,5,'全国计划招聘7万名特岗教师 加强体音美教师补充','<img alt=\"\" src=\"http://www.szxiaodou.com/UploadFile/1604/051759594766684/051759104748679.jpg\" style=\"border:0px;max-height:800px;\" /><br />\r\n&nbsp;据教育部网站消息，日前，教育部办公厅、财政部办公厅联合下发《关于做好2016年农村义务教育阶段学校教师特设岗位计划实施工作的通知》，《通知》提出，2016年全国计划招聘特岗教师约7万名。<br />\r\n<table align=\"left\" border=\"0\" cellpadding=\"0\" cellspacing=\"0\" style=\"line-height:24px;\">\r\n	<tbody>\r\n		<tr>\r\n			<td>\r\n				&nbsp;</td>\r\n		</tr>\r\n	</tbody>\r\n</table>\r\n关于招聘条件，《通知》提出以下要求：符合招聘岗位要求，具有相应的教师资格条件；本科或高等师范专科毕业；年龄不超过30岁；参加过&ldquo;大学生志愿服务西部计划&rdquo;、有从教经历的志愿者和参加过半年以上实习支教的师范院校毕业生同等条件下优先录取。<br />\r\n《通知》称，中央财政继续对特岗教师给予工资性补助。教育部、财政部将根据各地2016年设岗计划和往届特岗教师在岗人数核拨2016年特岗计划中央补助经费，2017年根据2016年度实际在岗教师人数进行结算。<br />\r\n','2016-05-07 15:48:51',1),(17,5,4,'教育部召开2014年度“一师一优课、一课一名师”活动工作推进会','<img alt=\"\" src=\"http://www.szxiaodou.com/UploadFile/1511/051354244965981/051349145458461.png\" style=\"font-family: NSimSun; font-size: 16px; line-height: 2; text-align: center; text-indent: 2em; border: 0px; margin: 0px; padding: 0px; max-width: 600px; max-height: 800px; background-color: rgb(255, 255, 255);\" />\r\n<p style=\"margin: 10px 0px; padding: 0px; font-size: 14px; text-indent: 2em; color: rgb(76, 76, 76); font-family: 宋体, sans-serif; line-height: 24px; background-color: rgb(255, 255, 255);\">\r\n	<span style=\"font-family: NSimSun; font-size: 16px; line-height: 2;\">中央电化教育馆蔡耘副馆长、教育部基教二司技术装备处乔玉全处长、吴菁副处长、中央电教馆基础教育教学资源部黄旭光主任、上海市教科院蒋鸣和研究员出席了会议。会议由教育部基础教育二司技术装备处吴菁副处长主持。全国各省、自治区、直辖市及新疆生产建设兵团的基础教育处、电教馆和教研部门的负责人近150人参加了会议。</span></p>\r\n<p style=\"margin: 10px 0px; padding: 0px; font-size: 14px; text-indent: 2em; color: rgb(76, 76, 76); font-family: 宋体, sans-serif; line-height: 24px; text-align: center; background-color: rgb(255, 255, 255);\">\r\n	<span style=\"font-family: NSimSun; font-size: 16px; line-height: 2;\"><img alt=\"\" src=\"http://www.szxiaodou.com/UploadFile/1511/051354244965981/051349490385496.png\" style=\"border: 0px; margin: 0px; padding: 0px; max-width: 600px; max-height: 800px;\" /></span></p>\r\n<p style=\"margin: 10px 0px; padding: 0px; font-size: 14px; text-indent: 2em; color: rgb(76, 76, 76); font-family: 宋体, sans-serif; line-height: 24px; text-align: center; background-color: rgb(255, 255, 255);\">\r\n	<span style=\"font-family: NSimSun; font-size: 16px; line-height: 2;\">吉林省教育厅潘永兴副厅长</span></p>\r\n<p style=\"margin: 10px 0px; padding: 0px; font-size: 14px; text-indent: 2em; color: rgb(76, 76, 76); font-family: 宋体, sans-serif; line-height: 24px; background-color: rgb(255, 255, 255);\">\r\n	<span style=\"font-family: NSimSun; font-size: 16px; line-height: 2;\">会上，吉林省教育厅潘永兴副厅长致欢迎辞，简要介绍了吉林省教育发展现状，并以&ldquo;三个结合&rdquo;概括了吉林省在此项活动开展过程中的经验做法，即：深化认识与建立机制相结合、教研队伍与电教团队相结合、远程培训与面对面指导相结合。</span></p>\r\n<p style=\"margin: 10px 0px; padding: 0px; font-size: 14px; text-indent: 2em; color: rgb(76, 76, 76); font-family: 宋体, sans-serif; line-height: 24px; text-align: center; background-color: rgb(255, 255, 255);\">\r\n	<span style=\"font-family: NSimSun; font-size: 16px; line-height: 2;\"><img alt=\"\" src=\"http://www.szxiaodou.com/UploadFile/1511/051354244965981/051350190030744.png\" style=\"border: 0px; margin: 0px; padding: 0px; max-width: 600px; max-height: 800px;\" /></span></p>\r\n<p style=\"margin: 10px 0px; padding: 0px; font-size: 14px; text-indent: 2em; color: rgb(76, 76, 76); font-family: 宋体, sans-serif; line-height: 24px; text-align: center; background-color: rgb(255, 255, 255);\">\r\n	<span style=\"font-family: NSimSun; font-size: 16px; line-height: 2;\">中央电教馆蔡耘副馆长</span></p>\r\n<p style=\"margin: 10px 0px; padding: 0px; font-size: 14px; text-indent: 2em; color: rgb(76, 76, 76); font-family: 宋体, sans-serif; line-height: 24px; background-color: rgb(255, 255, 255);\">\r\n	<span style=\"font-family: NSimSun; font-size: 16px; line-height: 2;\">中央电教馆蔡耘副馆长对活动开展一年来取得的进展进行了总结，并从推动基础教育信息化发展、推进个性化资源汇聚、形成教师使用资源的氛围等方面概括了活动产生的影响，最后，对继续开展下一年度活动提出了希望和要求。</span></p>\r\n<p style=\"margin: 10px 0px; padding: 0px; font-size: 14px; text-indent: 2em; color: rgb(76, 76, 76); font-family: 宋体, sans-serif; line-height: 24px; text-align: center; background-color: rgb(255, 255, 255);\">\r\n	<span style=\"font-family: NSimSun; font-size: 16px; line-height: 2;\"><img alt=\"\" src=\"http://www.szxiaodou.com/UploadFile/1511/051354244965981/051350458752933.png\" style=\"border: 0px; margin: 0px; padding: 0px; max-width: 600px; max-height: 800px;\" /></span></p>\r\n<p style=\"margin: 10px 0px; padding: 0px; font-size: 14px; text-indent: 2em; color: rgb(76, 76, 76); font-family: 宋体, sans-serif; line-height: 24px; text-align: center; background-color: rgb(255, 255, 255);\">\r\n	<span style=\"font-family: NSimSun; font-size: 16px; line-height: 2;\">教育部基教二司技术装备处乔玉全处长</span></p>\r\n<p style=\"margin: 10px 0px; padding: 0px; font-size: 14px; text-indent: 2em; color: rgb(76, 76, 76); font-family: 宋体, sans-serif; line-height: 24px; text-align: center; background-color: rgb(255, 255, 255);\">\r\n	<span style=\"font-family: NSimSun; font-size: 16px; line-height: 2;\">教育部基教二司技术装备处乔玉全处长对活动开展的意义进行了解读，要求行政、电教、教研部门继续加强合作，协同推进活动开展。并对基础教育信息化下一步工作进行了部署。</span></p>\r\n<p style=\"margin: 10px 0px; padding: 0px; font-size: 14px; text-indent: 2em; color: rgb(76, 76, 76); font-family: 宋体, sans-serif; line-height: 24px; text-align: center; background-color: rgb(255, 255, 255);\">\r\n	<span style=\"font-family: NSimSun; font-size: 16px; line-height: 2;\"><img alt=\"\" src=\"http://www.szxiaodou.com/UploadFile/1511/051354244965981/051351158664290.png\" style=\"border: 0px; margin: 0px; padding: 0px; max-width: 600px; max-height: 800px;\" /></span></p>\r\n<p style=\"margin: 10px 0px; padding: 0px; font-size: 14px; text-indent: 2em; color: rgb(76, 76, 76); font-family: 宋体, sans-serif; line-height: 24px; text-align: center; background-color: rgb(255, 255, 255);\">\r\n	<span style=\"font-family: NSimSun; font-size: 16px; line-height: 2;\">上海市电教馆陈家虎副馆长</span></p>\r\n<p style=\"margin: 10px 0px; padding: 0px; font-size: 14px; text-indent: 2em; color: rgb(76, 76, 76); font-family: 宋体, sans-serif; line-height: 24px; text-align: center; background-color: rgb(255, 255, 255);\">\r\n	<span style=\"font-family: NSimSun; font-size: 16px; line-height: 2;\"><img alt=\"\" src=\"http://www.szxiaodou.com/UploadFile/1511/051354244965981/051351484539394.png\" style=\"border: 0px; margin: 0px; padding: 0px; max-width: 600px; max-height: 800px;\" /></span></p>\r\n<p style=\"margin: 10px 0px; padding: 0px; font-size: 14px; text-indent: 2em; color: rgb(76, 76, 76); font-family: 宋体, sans-serif; line-height: 24px; text-align: center; background-color: rgb(255, 255, 255);\">\r\n	<span style=\"font-family: NSimSun; font-size: 16px; line-height: 2;\">河南省教育厅基教二处调研员刘建军</span></p>\r\n<p style=\"margin: 10px 0px; padding: 0px; font-size: 14px; text-indent: 2em; color: rgb(76, 76, 76); font-family: 宋体, sans-serif; line-height: 24px; text-align: center; background-color: rgb(255, 255, 255);\">\r\n	<span style=\"font-family: NSimSun; font-size: 16px; line-height: 2;\"><img alt=\"\" src=\"http://www.szxiaodou.com/UploadFile/1511/051354244965981/051352054067101.png\" style=\"border: 0px; margin: 0px; padding: 0px; max-width: 600px; max-height: 800px;\" /></span></p>\r\n<p style=\"margin: 10px 0px; padding: 0px; font-size: 14px; text-indent: 2em; color: rgb(76, 76, 76); font-family: 宋体, sans-serif; line-height: 24px; text-align: center; background-color: rgb(255, 255, 255);\">\r\n	<span style=\"font-family: NSimSun; font-size: 16px; line-height: 2;\">重庆市教育信息技术与装备中心主任助理钟苇笛</span></p>\r\n<p style=\"margin: 10px 0px; padding: 0px; font-size: 14px; text-indent: 2em; color: rgb(76, 76, 76); font-family: 宋体, sans-serif; line-height: 24px; text-align: center; background-color: rgb(255, 255, 255);\">\r\n	<span style=\"font-family: NSimSun; font-size: 16px; line-height: 2;\"><img alt=\"\" src=\"http://www.szxiaodou.com/UploadFile/1511/051354244965981/051352188785726.png\" style=\"border: 0px; margin: 0px; padding: 0px; max-width: 600px; max-height: 800px;\" /></span></p>\r\n<p style=\"margin: 10px 0px; padding: 0px; font-size: 14px; text-indent: 2em; color: rgb(76, 76, 76); font-family: 宋体, sans-serif; line-height: 24px; text-align: center; background-color: rgb(255, 255, 255);\">\r\n	<span style=\"font-family: NSimSun; font-size: 16px; line-height: 2;\">甘肃省教育厅基教二处倪庆贵副处长</span></p>\r\n<p style=\"margin: 10px 0px; padding: 0px; font-size: 14px; text-indent: 2em; color: rgb(76, 76, 76); font-family: 宋体, sans-serif; line-height: 24px; background-color: rgb(255, 255, 255);\">\r\n	<span style=\"font-family: NSimSun; font-size: 16px; line-height: 2;\">上海、河南、重庆、甘肃等4省市活动相关负责人分享了推进&ldquo;一师一优课，一课一名师&rdquo;活动的典型经验。</span></p>\r\n<p style=\"margin: 10px 0px; padding: 0px; font-size: 14px; text-indent: 2em; color: rgb(76, 76, 76); font-family: 宋体, sans-serif; line-height: 24px; text-align: center; background-color: rgb(255, 255, 255);\">\r\n	<span style=\"font-family: NSimSun; font-size: 16px; line-height: 2;\"><img alt=\"\" src=\"http://www.szxiaodou.com/UploadFile/1511/051354244965981/051352591594493.png\" style=\"border: 0px; margin: 0px; padding: 0px; max-width: 600px; max-height: 800px;\" /></span></p>\r\n<p style=\"margin: 10px 0px; padding: 0px; font-size: 14px; text-indent: 2em; color: rgb(76, 76, 76); font-family: 宋体, sans-serif; line-height: 24px; text-align: center; background-color: rgb(255, 255, 255);\">\r\n	<span style=\"font-family: NSimSun; font-size: 16px; line-height: 2;\">教育部基教二司技术装备处吴菁副处长</span></p>\r\n<p style=\"margin: 10px 0px; padding: 0px; font-size: 14px; text-indent: 2em; color: rgb(76, 76, 76); font-family: 宋体, sans-serif; line-height: 24px; background-color: rgb(255, 255, 255);\">\r\n	<span style=\"font-family: NSimSun; font-size: 16px; line-height: 2;\">教育部基教二司技术装备处吴菁副处长对优课评审安排以及评审专家的遴选要求等进行了详细的解读。</span></p>\r\n<p style=\"margin: 10px 0px; padding: 0px; font-size: 14px; text-indent: 2em; color: rgb(76, 76, 76); font-family: 宋体, sans-serif; line-height: 24px; text-align: center; background-color: rgb(255, 255, 255);\">\r\n	<span style=\"font-family: NSimSun; font-size: 16px; line-height: 2;\"><img alt=\"\" src=\"http://www.szxiaodou.com/UploadFile/1511/051354244965981/051353287774668.png\" style=\"border: 0px; margin: 0px; padding: 0px; max-width: 600px; max-height: 800px;\" /></span></p>\r\n<p style=\"margin: 10px 0px; padding: 0px; font-size: 14px; text-indent: 2em; color: rgb(76, 76, 76); font-family: 宋体, sans-serif; line-height: 24px; text-align: center; background-color: rgb(255, 255, 255);\">\r\n	<span style=\"font-family: NSimSun; font-size: 16px; line-height: 2;\">上海市教科院蒋鸣和研究员</span></p>\r\n<p style=\"margin: 10px 0px; padding: 0px; font-size: 14px; text-indent: 2em; color: rgb(76, 76, 76); font-family: 宋体, sans-serif; line-height: 24px; background-color: rgb(255, 255, 255);\">\r\n	<span style=\"font-family: NSimSun; font-size: 16px; line-height: 2;\">上海市教科院蒋鸣和研究员对优课评价指标做了细致的解读，并就信息化环境下的课堂评价进行了深入浅出地讲解。</span></p>\r\n<p style=\"margin: 10px 0px; padding: 0px; font-size: 14px; text-indent: 2em; color: rgb(76, 76, 76); font-family: 宋体, sans-serif; line-height: 24px; text-align: center; background-color: rgb(255, 255, 255);\">\r\n	<span style=\"font-family: NSimSun; font-size: 16px; line-height: 2;\"><img alt=\"\" src=\"http://www.szxiaodou.com/UploadFile/1511/051354244965981/051354011759732.png\" style=\"border: 0px; margin: 0px; padding: 0px; max-width: 600px; max-height: 800px;\" /></span></p>\r\n<p style=\"margin: 10px 0px; padding: 0px; font-size: 14px; text-indent: 2em; color: rgb(76, 76, 76); font-family: 宋体, sans-serif; line-height: 24px; text-align: center; background-color: rgb(255, 255, 255);\">\r\n	<span style=\"font-family: NSimSun; font-size: 16px; line-height: 2;\">中央电教馆基础教育教学资源部黄旭光主任</span></p>\r\n<p style=\"margin: 10px 0px; padding: 0px; font-size: 14px; text-indent: 2em; color: rgb(76, 76, 76); font-family: 宋体, sans-serif; line-height: 24px; background-color: rgb(255, 255, 255);\">\r\n	<span style=\"font-family: NSimSun; font-size: 16px; line-height: 2;\">中央电教馆基础教育教学资源部黄旭光主任针对平台评审和推优功能、晒课补助的使用等活动进展现阶段重点问题进行了详细解读，并现场答疑。</span></p>\r\n<p style=\"margin: 10px 0px; padding: 0px; font-size: 14px; text-indent: 2em; color: rgb(76, 76, 76); font-family: 宋体, sans-serif; line-height: 24px; background-color: rgb(255, 255, 255);\">\r\n	<span style=\"font-family: NSimSun; font-size: 16px; line-height: 2;\">本次推进会的召开不仅是对活动开展至今的有效总结，对共性问题的答疑解惑，更是为下一年度活动开展奠定了扎实的基础。</span></p>\r\n','2016-05-07 15:50:11',1),(18,6,5,'加强家校互动 深入感受课堂','<div class=\"MarginTop20\" style=\"margin: 20px 0px 0px; padding: 0px; color: rgb(69, 69, 69); font-family: Arial, Helvetica, sans-serif; font-size: 12px; line-height: 24px; background-color: rgb(255, 255, 255);\">\r\n	<div class=\"Picplayerbox\" style=\"margin: 0px 0px 0px 8px; padding: 0px; width: 600px; background-image: initial; background-attachment: initial; background-size: initial; background-origin: initial; background-clip: initial; background-position: initial; background-repeat: initial;\">\r\n		<div class=\"Picplayer\" style=\"margin: 0px; padding: 0px; width: 602px; display: inline-block; overflow: hidden; position: relative; height: 430px;\">\r\n			<ul style=\"margin: 0px; padding: 0px; width: 10000px; position: relative; left: 0px;\">\r\n				<li style=\"margin: 0px; padding: 0px; list-style-type: none; position: relative; float: left; width: 602px; vertical-align: middle;\">\r\n					<a style=\"outline: none; float: left;\"><span class=\"picbox\" style=\"margin: 0px; padding: 0px; width: 600px; height: 400px; text-align: center; vertical-align: middle; border: 1px solid rgb(238, 238, 238); display: table-cell; overflow: hidden;\"><img alt=\"参与活动品评校园文化1.jpg\" src=\"http://image.shedunews.com/2015/12/7/m_2025522_c45da6b8-84eb-4c17-bc49-a56ec049dcc0.jpg\" style=\"margin: 0px !important; padding: 0px !important; border: none; vertical-align: middle; max-height: 400px; max-width: 600px;\" /></span></a></li>\r\n				<li style=\"margin: 0px; padding: 0px; list-style-type: none; position: relative; float: left; width: 602px; vertical-align: middle;\">\r\n					<a style=\"outline: none; float: left;\"><span class=\"picbox\" style=\"margin: 0px; padding: 0px; width: 600px; height: 400px; text-align: center; vertical-align: middle; border: 1px solid rgb(238, 238, 238); display: table-cell; overflow: hidden;\"><img alt=\"参与活动品评校园文化2.jpg\" src=\"http://image.shedunews.com/2015/12/7/m_2025522_1a993d61-48b4-430e-b400-a972d6e8fb5e.jpg\" style=\"margin: 0px !important; padding: 0px !important; border: none; vertical-align: middle; max-height: 400px; max-width: 600px;\" /></span></a></li>\r\n				<li style=\"margin: 0px; padding: 0px; list-style-type: none; position: relative; float: left; width: 602px; vertical-align: middle;\">\r\n					<a style=\"outline: none; float: left;\"><span class=\"picbox\" style=\"margin: 0px; padding: 0px; width: 600px; height: 400px; text-align: center; vertical-align: middle; border: 1px solid rgb(238, 238, 238); display: table-cell; overflow: hidden;\"><img alt=\"走进课堂体验多彩课程.jpg\" src=\"http://image.shedunews.com/2015/12/7/m_2025522_871d1b48-d70f-4004-9403-247e54354c2d.jpg\" style=\"margin: 0px !important; padding: 0px !important; border: none; vertical-align: middle; max-height: 400px; max-width: 600px;\" /></span></a></li>\r\n			</ul>\r\n			<span class=\"num\" style=\"margin: 0px; padding: 0px; text-align: center; display: block; position: absolute; right: 0px; top: 405px;\"><span class=\"active\" style=\"margin: 2px 4px 0px 1px; padding: 2px 6px; color: rgb(43, 43, 43); float: left; line-height: 14px; cursor: pointer; border: 1px solid rgb(161, 161, 161); font-weight: bold; background: none 0px 0px repeat scroll rgb(240, 240, 240);\">1</span><span style=\"margin: 2px 4px 0px 1px; padding: 3px 6px; color: rgb(0, 66, 118); float: left; line-height: 14px; cursor: pointer;\">2</span><span style=\"margin: 2px 4px 0px 1px; padding: 3px 6px; color: rgb(0, 66, 118); float: left; line-height: 14px; cursor: pointer;\">3</span></span></div>\r\n		<div id=\"desc_div\" style=\"margin: 10px 0px 0px; padding: 0px; font-weight: bold; text-align: center;\">\r\n			&nbsp;</div>\r\n	</div>\r\n	<div class=\"dottedborder\" style=\"margin: 20px 0px; padding: 0px; height: 1px; overflow: hidden; background: url(&quot;../images/dotted.gif&quot;) 0% 100% repeat-x;\">\r\n		&nbsp;</div>\r\n</div>\r\n<div style=\"margin: 0px; padding: 0px; color: rgb(69, 69, 69); font-family: Arial, Helvetica, sans-serif; font-size: 12px; line-height: 24px; background-color: rgb(255, 255, 255);\">\r\n	&nbsp;</div>\r\n<div id=\"contentword\" style=\"margin: 20px 0px 0px; padding: 0px; line-height: 28.8px; font-size: 16px; color: rgb(69, 69, 69); font-family: Arial, Helvetica, sans-serif; background-color: rgb(255, 255, 255);\">\r\n	<div class=\"contentwordbox\" style=\"margin: 0px; padding: 0px;\">\r\n		<p style=\"margin: 0px; padding: 0px; line-height: 28.8px; text-indent: 2em;\">\r\n			&nbsp;4月28日，普教院附中举办了&ldquo;加强家校互动，深入感受课堂&rdquo;家长开放日活动。此次活动包括参观、体验、互动、交流等环节。来自六、七、八年级的约100多名家长参加与了本次活动。家长们兴致勃勃走进课堂，参与教学活动、与学校课程、学校文化 &ldquo;亲密接触&rdquo;，从多角度对学校进行最直接的认识和感受。</p>\r\n		<p style=\"margin: 0px; padding: 0px; line-height: 28.8px; text-indent: 2em;\">\r\n			<strong>走进课堂体验多彩课程</strong></p>\r\n		<p style=\"margin: 0px; padding: 0px; line-height: 28.8px; text-indent: 2em;\">\r\n			在公开教学展示环节，家长们走进各年级班级，与孩子&ldquo;排排坐&rdquo;一起上课，课程涵盖语文、数学、英语、科学、劳技、体育等，向家长们呈现常态化的课堂管理与教学活动。课堂中生机蓬勃、奋发进取的学习气氛，感染了在场的每一位家长。一位家长听课后表示，这种开门办学的态度值得点赞，并希望今后学校在不影响正常教学的情况下，多举行这样的课堂展示活动。</p>\r\n		<p style=\"margin: 0px; padding: 0px; line-height: 28.8px; text-indent: 2em;\">\r\n			<strong>参与活动品评校园文化</strong></p>\r\n		<p style=\"margin: 0px; padding: 0px; line-height: 28.8px; text-indent: 2em;\">\r\n			开放过程中，普教院附中所有场馆均对外开放，家长们可以自由参观。在各个楼面，设计独特的年级展板和同学们制作的各色手工作品吸引着家长们的眼球；在科技节专题展览上，学生们的各类&ldquo;创新金点子&rdquo;和&ldquo;创新小发明&rdquo;也让家长们树起了大拇指，家长们兴致勃勃地参与投票；校园文化墙上展示的附中各类比赛活动和孩子们取得的骄人成绩也让家长切实感受到附中多彩的课程和校园文化。</p>\r\n		<p style=\"margin: 0px; padding: 0px; line-height: 28.8px; text-indent: 2em;\">\r\n			<strong>家校携手共育孩子未来</strong></p>\r\n		<p style=\"margin: 0px; padding: 0px; line-height: 28.8px; text-indent: 2em;\">\r\n			在活动中，学校通过宣传片向来访家长介绍学校师资情况、教学特色和中考成绩，解读办学理念、办学优势和发展前景，并就家长普遍关心的培养孩子</p>\r\n		<p style=\"margin: 0px; padding: 0px; line-height: 28.8px; text-indent: 2em;\">\r\n			良好的学习、行为习惯的问题进行互动交流，还进行了征求建议、填写调查问卷等环节。从而增强学校、教师、家长之间的沟通，让家长了解学校的管理与发展趋势，了解课堂教学和课改动向，从而更好地配合学校，共同关注每一个孩子的健康成长。</p>\r\n		<p align=\"left\" style=\"margin: 0px; padding: 0px; line-height: 28.8px; text-indent: 2em;\">\r\n			通过一天的零距离接触，家长们进一步了解和感受教院附中成立三年多来，在尊重差异、激发潜能、自主发展的办学理念指导下学校在教育教学活动中体现出的变化，展现教院附中当前学生饱满的精神面貌、积极向上的学习氛围，以及全体教职工热情高昂的工作状态，大大加深了对学校的信任和支持。</p>\r\n	</div>\r\n</div>\r\n<br />\r\n','2016-05-07 15:55:02',7),(19,6,6,'2016年石家庄市中小学教育质量健康体检反馈报告会顺利召开','为进一步促进我市基础教育健康和谐发展，更好地挖掘&ldquo;质量提升项目&rdquo;的内在价值，充分发挥项目数据及其系列反馈报告的作用，5月5日，2016年石家庄市中小学教育质量健康体检反馈报告会隆重召开。<br />\r\n<img src=\"http://www.sjy.net.cn/resources/40/10978372581626306.jpg\" style=\"border:0px;\" /><br />\r\n<br />\r\n市教科所所长常振亮主持会议。北京师范大学中国基础教育质量监测协同创新中心主任刘坚教授做了题为《石家庄市2015-2016年义务教育质量健康体检结果与启示》的报告，对中小学教育质量健康体检综合评价体系做进一步分析和讲授。随后，刘坚教授及其专家团队成员就我市中小学教育质量健康体检报告进行了深入解读，为有效地诊断和改进教学，规范教学行为，提高教师专业水平，促使社会和家长形成正确的教育质量观，创造有利于学生成长的社会环境提供了依据。<br />\r\n<img src=\"http://www.sjy.net.cn/resources/40/10978372591890584.jpg\" style=\"border:0px;\" /><br />\r\n市教育局副局长赵立芬出席会议并讲话。她对刘坚教授团队的专业引领表示感谢，并基于数据分析的科学研判对参会人员提出具体要求：一是要提高对中小学教育质量综合评价工作重要性的认识，把综合评价工作列为各级教育部门和各学校的工作重点，常抓不懈；二是参与项目研究的各实验区、实验校要认真研读各类报告，借助数据及项目研究结果，进一步促进我市中小学生健康和谐发展。<br />\r\n市教育局中小学教育质量综合评价改革实验区工作领导小组成员，各县（市）、区教育局局长，主管副局长、基础教育科科长、督导室主任、教研室主任以及相关学校校长和负责人共计700余人参加了会议。<br />\r\n','2016-05-07 15:56:37',2),(20,6,7,'正定县召开“对标精英 提升质量”活动推进会','为检验各学校&ldquo;对标精英中学&nbsp;提升教育质量&rdquo;活动的成果，交流工作经验，5月5日上午，正定县&ldquo;对标精英&nbsp;提升质量&rdquo;活动推进会在曲阳桥学区曲阳桥小学召开。<br />\r\n曲阳桥小学优美的校园环境、师生饱满的精神状态、6+1高效课堂、激情大课间以及曲阳桥学区讨论激烈的网络教研给与会者留下了深刻印象。教育局党委书记、局长赵军山指出，学习精英中学，学的是高超的、符合实际的教育教学方法和素质教育，通过各学区学校的努力，教育系统通过抓高效课堂、家校共建、课外活动三大载体推动学生全面发展已蔚然成风。打造高效课堂，就要从三备两研入手，校长要充分认识三备两研的重要性、必要性和可行性，将三备两研作为推动学校发展的有效抓手，形成良性循环。教师要通过三备两研，充分发挥集体的智慧和力量，改变习惯性的经验主义的教学方法，让学校充满浓厚的教科研氛围。<br />\r\n曲阳桥学区、诸福屯学区、正定镇学区、子龙小学、曲阳桥小学就各自学校对标精英中学的具体做法进行了典型发言。<br />\r\n教育局副局长褚瑞平主持会议，各学区总校长、教研主任、普教主任、小学校长，县直小学校长、教学和政教副校长以及教育局有关科室人员共计200余人参加会议。（陈丽慧&nbsp;&nbsp;闫玉彩）<br />\r\n','2016-05-07 15:57:18',0),(21,6,1,'石家庄市中等职业教育管理人员培训班圆满结束','&nbsp;为深入贯彻国务院《京津冀协同发展规划纲要》，全面落实《关于加快发展现代职业教育的决定》和全国职业教育工作会议精神，进一步推进京津冀职业教育协同发展，具体落实我局与天津市教委签署的《职业教育合作框架协议》内容，4月22-28日，石家庄市中等职业教育管理人员培训班在天津职业大学顺利开展。 &nbsp;<br />\r\n<img src=\"http://www.sjy.net.cn/resources/40/10868107735623648.jpg\" style=\"border:0px;\" /><br />\r\n&nbsp;&nbsp;&nbsp;&nbsp;市教育局调研员张忠明出席开班仪式并对参训学员提出了具体要求。培训班邀请天津市教委副主任吕景泉、全国高职高专校长联席会议主席董刚、天津现代职业学院院长李国桢等全国知名专家进行专题讲座，内容涉及京津冀协同发展政策、中职学校内涵建设与管理、创新创业、产教融合、校企合作等方面。培训期间，参训人员还前往天津海河教育园区公共实训中心、仪表无线电工业学校、商务职业学院和天地伟业数码科技有限公司等地参观学习。&nbsp;<br />\r\n<img src=\"http://www.sjy.net.cn/resources/40/10868107744090518.jpg\" style=\"border:0px;\" /><br />\r\n&nbsp;&nbsp;&nbsp;&nbsp;结业式上，参训学员代表分享了培训心得。市教育局副局长李立水对此次培训给予充分肯定，他指出，本次培训是我市与天津市职教合作框架协议的重要环节，为今后的工作统一了思想、明确了方向，为进一步提高我市职业教育办学水平奠定了基础，市教育局将继续加大与天津方面的合作力度，分专题进行系列化培训。<br />\r\n&nbsp;&nbsp;&nbsp;&nbsp;全市各县（市）、区教育局主管局长、科长以及部分中职学校校长，共计106人参加了此次培训。<br />\r\n','2016-05-07 15:57:55',113),(22,7,23,'石家庄二中举办春季趣味运动会','&nbsp;近日，石家庄二中一年一度的春季趣味运动会隆重举行。学校领导班子全体成员出席开幕式。开幕式由高一2班张嘉豪同学、高二15班周雨旸同学主持。&nbsp;<br />\r\n&nbsp; 伴随着雄壮的运动员进行曲，高一、高二年级共34支参赛队伍以班级为单位组成方阵，迈着坚定的步伐，喊着嘹亮的口号，精神抖擞地进入赛场。在班级特色表演展示环节，各个方队匠心独运，为全校师生带来了一场视觉盛宴。航空实验班2班拼成飞机阵型、高一10班活泼的兔子舞、高一11班组成罗马数字&ldquo;11&rdquo;、高二3班的扇子舞、高二9班的斗篷装扮、高二14班拼成的&ldquo;二中&rdquo;字样、高二16班的戴面具入场&hellip;&hellip;整齐的队列、良好的精神面貌、独特的队型变换和新颖的造型设计，尽情彰显了二中学子朝气蓬勃、活力四射的风采。<br />\r\n&nbsp; 庄严的升旗仪式后，常务副校长吴进校致开幕词，他鼓励全体同学发扬拼搏精神，尽情享受比赛，团结协作，力争取得好成绩。教育处主任赵志军宣读精神文明班评比规定，希望同学们本着&ldquo;友谊第一、比赛第二&rdquo;的原则，赛出水平、赛出风采。<br />\r\n精彩的开幕式后，趣味运动会各个项目的比赛正式开始。本次运动会锻炼和娱乐并重，健康和趣味同行，共设置了13个比赛项目，包括台风中心、套藤圈、推球进圈、夹球跑、X人Y腿、营救行动、同学情深、小背篓、闯三关、摸石头过河、齐心协力、今天真幸运、拔河比赛等。同学们以&ldquo;重在参与、强身健体、轻松娱乐&rdquo;的良好心态积极投身于各项比赛中，分工明确、相互配合、彼此默契，人人脸上始终洋溢着灿烂的笑容，场面十分热闹。赛场上、看台上，加油声此起彼伏，欢笑声响成一片，整个操场变成了欢乐的海洋。高一、高二两个年级的拔河比赛，更是将运动会推向了高潮，队员们在场上你来我往，引得全场阵阵尖叫，现场气氛持续沸腾。<br />\r\n&nbsp; 下午5时的闭幕式上，二中健美操队带来了精彩表演。随后，高一年级主任崔媛媛、高二年级主任李建鹏为获得各类优胜奖的班级和个人颁发奖状，教育处主任赵志军致闭幕词。<br />\r\n本次趣味运动会集趣味性、运动性、教育性于一体，不仅使同学们活跃了身心，释放了压力，更让大家深刻理解了个人与集体牢不可分的亲密关系，充分展现了二中学生自信自强、团结奋进、昂扬向上的精神风貌。(董全柱&nbsp;&nbsp;&nbsp;李彤宇)<br />\r\n','2016-05-07 15:59:20',1),(23,7,1,'石家庄科技工程职业学院团委举行庆祝五四青年节暨“国旗下的青春”宣誓仪式','&nbsp; 五四青年节到来之际，石家庄科技工程职业学院团委举行了庆祝五四青年节暨&ldquo;国旗下的青春&rdquo;宣誓仪式，来自全院各团支部的180余名团干部在国旗下庄严宣誓。葛学林副院长出席宣誓仪式。活动由院团委副书记索明健策划组织，党群工作部部长任丽娟参加活动。 &nbsp;<br />\r\n<img src=\"http://www.sjy.net.cn/resources/40/10867363682845845.jpg\" style=\"border:0px;\" /><br />\r\n&nbsp; 本次活动包括三项内容。首先是团干部观看升旗仪式，行注目礼。接下来由团干部代表郭秋蕾同学面向全体共青团员宣读倡议书，号召全院团员青年坚定理想信念，勤练专业技能，投身社会实践，爱国爱校爱家。最后，参加仪式的所有团干部进行集体宣誓：&ldquo;志存高远，坚定信念；热爱祖国，服务人民；勤奋学习，自强不息；遵纪守法，弘扬正气；诚实守信，严于律己；明礼修身，团结友爱；勤俭节约，艰苦奋斗；强健体魄，热爱生活。&rdquo;大家举起右手，语气坚定有力，展现出我院青年学子积极向上的精神风貌。<br />\r\n&nbsp; 本次活动是院团委带领广大团员青年积极践行社会主义核心价值观的具体尝试，今后，团委将继续创新活动载体，将社会主义核心价值观落实、落细，并内化到每一位科工学子的心中。（刘合美&nbsp;&nbsp;刘辉峰）<br />\r\n','2016-05-07 15:59:56',0),(24,6,45,'以最好的状态备战高考','&nbsp;&nbsp;&nbsp;&nbsp;距离高考还有一个月的时间。与往年不同的是，今年高考本科二批、三批合并，志愿填报时间段含义有所变化。变化后会不会减少录取机会？学生如何备考？家长应该做些什么？未来高考的趋势和动向又是怎样的？近日，记者走访几位高中教师，聆听他们&ldquo;解读&rdquo;高考。<br />\r\n&nbsp;&nbsp;&nbsp;&nbsp;&nbsp;2016年高考新变化<br />\r\n&nbsp;&nbsp;&nbsp;&nbsp;&ldquo;今年的高考有新变化！&rdquo;这是目前学生家长热议的话题。有些家长认为三本院校升二本了，就业差别不大了；有些家长认为三本都升二本了，原来二本的&ldquo;身份&rdquo;被拉低了，上一本才有出路&hellip;&hellip;业内人士分析，二本院校大多是公办省属院校，而三本院校基本是独立学院（公办民助）和民办本科，合并批次不会改变办学实质，也不会影响办学质量，就业时行业人力资源部对考生还是有区分方法和标准的。<br />\r\n&nbsp;&nbsp; &nbsp;国家招考改革的设想是：淡化甚至取消录取批次后，可以让高校更加注重自己的办学特色，不盲目求大求全。一些专业人士则认为，二本、三本合并录取后，原来的三本院校将不再贴三本标签，与二本院校站在了同一个平台上，有利于高校间公平竞争。对考生来说，原来在三本档次的考生，可以填报所有的二本院校，选择空间更大了。<br />\r\n&nbsp;&nbsp;&nbsp;&nbsp;&ldquo;因国家总体要求，推动民办本科院校和独立学院发展，有利于今后高校毕业生平等就业，同时促进高校公平竞争，2016年河北省高考本科二批和三批将合并。2016届毕业生家长们也不要恐慌，因为批次合并后不会减少考生的录取机会。合并后本科二批设三个志愿，第一志愿集中填报，二、三志愿采用征集方式填报，均实行平行志愿投档方式，每个志愿最多可填报十所院校，比2015年增加五个，可以说更公平，机会更多。&rdquo;石家庄市第一中学信息宣传处副主任王永福解释说。<br />\r\n&nbsp;&nbsp; &nbsp;合并批次前，原批次是这样划分的：本科二批与本科提前批、本科一批和本科三批属于同一学历，性质相同，均为本科学历，学生毕业后颁发本科学历毕业证书和学士学位证书。<br />\r\n&nbsp;&nbsp;&nbsp;&nbsp;合并批次后，志愿填报仍为分三段填报志愿和二、三志愿采用征集方式的办法（具体时间安排印在考生准考证背面）。今年本科二批、三批合并，所以只是每段含义有变：<br />\r\n&nbsp;&nbsp; &nbsp;第一段，6月24日至27日，填报本科提前各批和本科一批的一志愿。<br />\r\n&nbsp;&nbsp; &nbsp;第二段，在本科一批二志愿征集时，填报本科二批一志愿。<br />\r\n&nbsp;&nbsp;&nbsp;&nbsp;第三段，在本科二批三志愿征集时，填报专科各批次一志愿。<br />\r\n&nbsp;&nbsp;&nbsp;&nbsp;&ldquo;对于高分考生，批次越多，机会越多。原本二批学生，可以在二批选专业，不服从调剂，再征集看机会，三批来保底的策略。不论高考怎么变，选校方法基本不会变：本质就是个人实力和院校（专业）实力的匹配。&rdquo;石家庄外国语教育集团高中部高三年级主任黄保华说，其实最关键的，还是要看高考的原始分数。<br />\r\n&nbsp;&nbsp;&nbsp;&nbsp;如何备考更科学<br />\r\n&nbsp;&nbsp;&nbsp;&nbsp;学习<br />\r\n&nbsp;&nbsp;&nbsp;&nbsp;在复习备考方面，黄保华说，考生应该根据自己具体情况，合理安排复习内容和学习方式。<br />\r\n&nbsp;&nbsp;&nbsp;&nbsp;考前一个月，考生回归课本、夯实基础知识才是关键，绝不能以单纯做题代替复习。查漏补缺、总结经验教训、梳理知识点和整体回顾在这一时期显得很重要。这阶段复习要跟着学校老师的安排走，学校安排了大量的模拟训练，考生应该重视这些训练，但更重要的是考生根据自己的训练情况，有针对性地解决自己平时出现的失误点和盲点，同时在后期可以适量减少做题，做题时也要有取舍，不能仅为应付老师的任务，关键是有针对性地解决自己存在的问题。&ldquo;这也是考验教师的关键时期。&rdquo;黄保华说，&ldquo;每个老师都应密切关注考纲。考纲是备考的指挥棒，教师一定要把考纲琢磨透，考什么、怎么考都要第一时间分享给学生。&rdquo;<br />\r\n&nbsp;&nbsp;&nbsp;&nbsp;在做题方面，石家庄外国语教育集团骨干教师刘宏明也给出了自己的建议：多做近五年的高考真题、高质量的模拟题、自己常出错的题，总结高考出题形式，以及常考的知识点。要做到&ldquo;固优补弱&rdquo;，即把自己擅长之处更加牢固地掌握，在课堂上跟着老师补充自己的弱点。刘宏明说，很多学生心存侥幸，希望在考场上超常发挥，他认为，超常发挥是在把自己能保证拿分的题目全做对的情况下，做出一些自己平常不擅长的题目。&ldquo;在考试过程中，一定要掌握一定的技巧，不要不放过每一道题，要适度跳题，先做自己把握最大的题目，等大脑逐渐兴奋起来，再回过头看自己拿不准的地方，这样效果比较好。&rdquo;<br />\r\n&nbsp;&nbsp;<br />\r\n&nbsp;&nbsp;&nbsp;&nbsp;心理<br />\r\n&nbsp;&nbsp; &nbsp;最后一个月的复习备考，可以看做是一个调整期。大部分学生会出现考前焦虑现象，对此，石家庄外国语教育集团心理教师商亮说，适度的焦虑不一定是坏事，可以让人保持动力，但不要过度焦虑。<br />\r\n&nbsp;&nbsp;&nbsp;&nbsp;&ldquo;处在这一时期的孩子，心理特点是紧张、内敛并存的，即使有情绪，他们也不愿意表达自己内心的真实想法，所以，一定要学会自我调节，正确认识考试、对待紧张，通过散步、听歌、聊天等方式，排解不良情绪，如果没有好转，可以向心理老师、自己信得过的老师，或者家长求助。另外，学生还应该学会自我鼓励，这并不等于自负，而是增加自己的自信心。&rdquo;商亮还强调，家长一定要做孩子的助力，而非阻力。&ldquo;家长与子女的沟通，语言占7%，情绪占93%，一定不要让自己的负面情绪影响孩子。&rdquo;举例来说，有的家长会对自己的孩子说：&ldquo;孩子，考不上某某大学也没关系，你努力就好。&rdquo;这样的话本身就传递了家长对孩子的不信任，只会让孩子更加烦躁。&ldquo;一定要允许孩子有情绪，包容他们的小脾气，对事不对人，让孩子明白，高考只是&lsquo;一件事&rsquo;，考得好与坏，都不会减少对孩子的爱。&rdquo;<br />\r\n&nbsp;&nbsp;<br />\r\n&nbsp;&nbsp;&nbsp;&nbsp;身体<br />\r\n&nbsp;&nbsp;&nbsp;&nbsp;王永福说，按照我们现有的生活水平，多数孩子通过饮食保证营养是不成问题的，关键要注意合理搭配饮食，均衡饮食才是最优营养。学生考前刻意增加营养甚至进补并没有太大意义，因为营养摄取和知识学习是一样，靠的是平时的积累，而且身体对饮食习惯的适应也是需要时间的，所以不主张在考前刻意加强营养，大幅调整原有的饮食习惯。根据天气状况、孩子身体状况和饮食习惯，进行适当的微调还是必要而有益的。<br />\r\n&nbsp;&nbsp; &nbsp;孩子要保持充足的体力和旺盛的精力，适量的体育锻炼是必需的。考前的一味苦读会使大脑产生自我抑制，容易导致学习疲劳、降低学习效率，对考试非常不利。这段时间学生不要再沿用以往的高强度、长时间学习的作息时间表。适量安排一些娱乐活动和体育锻炼，这些活动有助于放松心情、提高学习效率。同时要注意节制，尽量远离电视连续剧、网络游戏、剧烈的体育活动等，以免过度消耗精力。<br />\r\n&nbsp;&nbsp; &nbsp;考生要注意保证足够的睡眠，为考试储备充足的体力和精力。如果孩子生活很有规律，就尽量不要刻意打破原有的生物钟。对长期开夜车的学生来说，这段时间一定要注意调整自己的生物钟，最好能将作息时间与高考时间吻合，按照个人生活规律争取把自己的生理兴奋点调到高考相应的时间段，而且在复习科目的安排上，也按照高考顺序来复习，这样到考场上就比较容易适应，以期达到最佳的考场效果。<br />\r\n&nbsp;&nbsp;&nbsp;&nbsp;与&ldquo;一考定终身&rdquo;说再见<br />\r\n&nbsp;&nbsp; &nbsp;今年年初，省政府新闻办召开的新闻发布会，向社会正式公布《关于深化考试招生制度改革的实施方案》，我省自2018年秋季入学的高一学生开始，全面启动高考综合改革。语数外和&ldquo;6选3&rdquo;、文理不分科、外语可以考两次、学业水平考试按等级赋分&hellip;&hellip;新政策带领学生与&ldquo;一考定终身&rdquo;说再见。<br />\r\n&nbsp;&nbsp;&nbsp;&nbsp;高考不再分文理科。根据此次方案，我省高考将不再分文理科，高考科目设置为语文、数学、外语三科和&ldquo;6选3&rdquo;组合。所谓的&ldquo;6选3&rdquo;指的是参加高校招生的学生可以根据高校的要求和自己的兴趣爱好及特长，在思想政治、历史、地理、物理、化学、生物6个科目中自主选择3科，将这3科学业水平考试成绩计入高校招生录取总成绩。计入高等学校招生录取总成绩的学业水平考试3个科目按等级赋分。此外，外语科目考试次数发生了变化，由过去的只考一次变为提供两次考试机会，取两次成绩较高者计入考生总成绩。<br />\r\n&nbsp;&nbsp; &nbsp;&ldquo;在6选3中，可以根据自己的兴趣特长和爱好去随意地组合，对学生来说，不像以往的文理分科，比较单一。而且从学生角度来说，为学生提供了多种组合，满足了学生不同需求，另外采取赋分制，不是实际分数计入总分，这就使得学生的负担减轻，压力减少。&rdquo;王永福说，&ldquo;选择的多样性，对学生来说，就要从高一开始，进行自己的职业规划，到底选取哪一个组合更适合自己未来的发展方向。&rdquo;<br />\r\n&nbsp;&nbsp; &nbsp;高考录取依据有了新变化。王永福说，过去只依据统一高考成绩录取，而今后要变为&ldquo;两依据，一参考&rdquo;，即普通高校招生录取将依据统一高考的3个科目成绩和高中学业水平考试3个科目成绩，参考高中学生综合素质评价的录取方式。我省定于从2017年秋季入学的高一年级学生开始，在全省实行新的普通高中学生综合素质评价制度，并在2020年高等职业教育分类考试招生中，试行参考普通高中学生综合素质评价的录取方式，为2021年推广至普通高校招生录取使用奠定基础。&ldquo;也就是从学生的思想品德学业水平、身心健康、兴趣特长、社会实践等方面，建立一个规范的综合素质档案，客观记录学生成长过程中的突出表现，同时高校也会提前对考生高中阶段的综合素质评价提出要求，把它作为录取的重要参考条件。&rdquo;<br />\r\n&nbsp; &nbsp;&nbsp;高考改革后将实行走班制。走班制带来的最大变化就是淡化了原有的行政班级管理，学生们在班集体中的存在感可能会淡化。&ldquo;现在的教学模式是学生们不动，老师动，这样一个班的孩子们相互之间比较熟悉，班主任老师对学生的管理也有持续性&rdquo;王永福说，实行走班制后，变成了老师不动学生动，这样孩子们原有的班级观念被打破，没有了固定的同学，班主任也可能无法一直关注每个孩子的成长变化。面对这样的变化，孩子们最需要提高的就是自控能力。因为没有固定班级后，每个人的学习状态就只有自己最清楚。那些懂得自我反思，能够自主调整学习状态的学生，可能会更有优势。不过走班制提供了多样化选择，能更好地尊重学生的个性发展，原来只有文理两个分科，学生们不管喜欢不喜欢只能二选一，现在孩子们可以根据自己的兴趣，挑选自己喜欢的学科学习，这样肯定会提高他们学习的兴趣和积极性。<br />\r\n','2016-05-07 16:00:44',3),(25,4,33,'石家庄一中东校区：重温革命路 圣地柏坡行','　　2016年5月3日，石家庄一中东校区（实验学校）初一年级340余名师生在德育副校长米秉玺的带领下，奔赴革命圣地西柏坡，踏寻红色足迹，接受精神洗礼。　<br />\r\n早上七点，迎着朝阳，师生们踏上去往革命圣地西柏坡的征程。红歌比赛，成语接龙，单词接龙&hellip;&hellip;一路上同学们欢声笑语，活力迸发。<br />\r\n　　在西柏坡革命纪念馆，初一年级新团员举行庄严的入团宣誓仪式。教导处主任兼团委书记庞红科宣读新团员名单，初一级部主任吴淑艳携初一年级全体教师，为26名新团员佩戴团徽。全体新团员面对鲜艳的团旗，庄严宣誓。铮铮誓言，宣告的的是荣誉，担起的是责任。<br />\r\n　　德育副校长米秉玺为26名新团员送上祝福与期望，希望他们好好学习，早日成才；鼓励他们勇于担当，不辱使命，用实际行动实现自己的誓言，无愧于共青团员的光荣称号。<br />\r\n同学们依次参观了西柏坡革命纪念馆、中共中央旧址、伟人故居等地。他们认真聆听讲解，随看随记，回首峥嵘岁月，重温革命历史，开阔了眼界，锤炼了思想。<br />\r\n　　下午，全体同学在西柏坡参加了拓展训练，体验了队列队形练习、驿站传书、挑战NO.1和高空断桥等项目。<br />\r\n　　5时许，研学活动圆满结束。归途中，同学们分享着一天的收获，乐此不疲，意犹未尽。<br />\r\n　　继承先烈遗志，弘扬民族精神。此次研学旅行活动为我校学生走出校园、重温历史提供了机会和平台。通过参观、拓展，培养了学生的社会责任感和实践能力，有效地促进了我校生命教育的开展。(李荣敬&nbsp;&nbsp;游莉霞)<br />\r\n','2016-05-07 16:11:06',0),(26,4,34,'河北正定中学校本部和东校区在“培文杯”全国英文创意写作大赛初赛中取得优异成绩','　　由北大培文创意研究院联合阳光汉华国际教育联合主办，北京大学、清华大学相关院系等提供学术支持，由北京大学校长林建华出任大赛名誉主席的&ldquo;北大培文杯&rdquo;全国青少年英语创意写作大赛初赛结果公布，河北正定中学校本部和东校区三十位同学获得复赛资格，取得了优异成绩。<br />\r\n　　&ldquo;青春等你书写，创意改变世界&rdquo;，在4月份科技节&mdash;&mdash;创意写作大赛活动中，河北正定中学校本部和东校区积极与&ldquo;培文杯&rdquo;全国英文创意写作大赛组委会联系，积极组织学生参赛。<br />\r\n本次大赛学校领导大力支持，两校区教学处和各位年级主任积极组织学生报名参赛、上传作品，安排专业教师对参赛选手进行多次指导和培训，学生在比赛过程中激发了学习英语的积极性，提高了英语应用水平。最终三十位同学进入复赛，进入复赛的学生比例位居河北省高中学校第一。<br />\r\n　　目前，两校区教学处已经公布了&ldquo;培文杯&rdquo;全国英文创意写作大赛复赛题目，正在积极组织学生准备作品，进一步发掘具有创造力的青少年英语写手，更好地引导青少年秉持中国的文化自信和国际视角观察世界，采取独特的艺术手段创作出蕴涵深厚的人文格调和独特审美感受的作品，大胆而巧妙地传达时代精神，以文化提升和学术认同的双重支持，助推青少年实现英语创意写作的梦想。<br />\r\n　　相信进入复赛的选手们会更加努力、越战越勇，在新一轮的复赛中取得更好的成绩。（贾利娟&nbsp;&nbsp;雷军）<br />\r\n','2016-05-07 16:11:47',0),(27,4,34,'市教育局召开“两学一做”学习教育工作协调会','　　5月3日上午，市教育局&ldquo;两学一做&rdquo;学习教育领导小组办公室召开协调会，传达学习《关于在市直教育系统党员中开展&ldquo;学党章党规、学系列讲话，做合格党员&rdquo;学习教育实施方案》主要精神，明确领导小组办公室职责，细化分解工作任务，进一步明确&ldquo;两学一做&rdquo;工作分层分类推进要求。　<br />\r\n　　《实施方案》明确了市直教育系统&ldquo;两学一做&rdquo;学习教育在市委教育工委&ldquo;两学一做&rdquo;学习教育领导小组领导下进行，由组织干部处牵头组织实施，局机关各处室共同做好相关工作。领导小组办公室的主要职责是，落实好市教育局&ldquo;两学一做&rdquo;学习教育领导小组议定事项，具体抓好市直教育系统&ldquo;两学一做&rdquo;学习教育的整体谋划、指导推进、沟通服务、宣传引导、督促检查等工作。办公室内设综合组、保障组、宣传成果组、督导组等4个工作组。<br />\r\n　　在重点学习《实施方案》后，市教育局党委副书记、&ldquo;两学一做&rdquo;学习教育领导小组办公室主任苏志远就下一步工作进行安排。他强调，办公室各工作组成员要进一步统一思想，提高认识，增强工作责任感，尤其要在教育系统党员中纠正&ldquo;与己无关&rdquo;的思想，克服思想上的&ldquo;模糊&rdquo;情绪；要各司其职，各尽其责，严格按照《实施方案》明确的职责分工，按计划、按步骤抓好各项工作任务的落实；要先学一步，学深学透，吃透精神，把握要求，结合教育工作实际突出亮点和特色，重拳出击，形成效益；要履职尽责，强化督促指导。<br />\r\n　　市教育局&ldquo;两学一做&rdquo;学习教育领导小组办公室领导及各工作组成员参会。<br />\r\n','2016-05-07 16:15:40',0),(28,4,1,'裕华区承办石家庄市第二届义务教育阶段教学评估观摩交流会','　　4月28日，裕华区承办了石家庄市第二届义务教育阶段教学评估观摩交流现场会，本次活动由石家庄市教科组织，会场设在第四十中学。石家庄市桥西区、长安区、新华区、矿区的校长、主任和中小学教研员80余人参加了此次活动。　　<br />\r\n　　为了组织好此次活动，裕华区中学教研室教研员多次深入学校，就课堂教学和主题教研进行指导。参会者首先观看了四十中宣传片《让生命绽放》，教学副校长冯藏璞介绍了四十中学课改情况及取得的成效。随后，教学处主任谷轶做了关于《体验式校本课程助力学生成长》报告，介绍学校特色校本课程的开展情况。参会人员观看了刮蜡画、校园DIY、快乐小钳工、巧手串珠等多门校本课程学生作品，并对作品给予了高度赞扬。<br />\r\n随后，参会者深入课堂，观摩了初二语文课、初一数学课和英语课。课后，学校针对这三堂课分别组织了语文《散文阅读教学：通过朗读体味情感》、数学《类比思想在初中数学教学中的应用》、英语《起始年级阅读语篇教学方法的探究》为主题的校本教研活动。在教研活动中，参会领导及老师都给予了极大的关注，纷纷献言献策，助力教研的深刻性，从不同角度剖析了课堂的生成效果。<br />\r\n　　最后，石家庄市教科所张惠英副所长和市教科所评估室的几位专家与裕华区教育局和40中学学校领导交流了观摩意见：首先对学校开展的主题教研活动、课前会议和教研队伍给予高度评价；同时建议以小课题研究为载体，将校本教研推向深入。（周素芬&nbsp;&nbsp;&nbsp;王晓清）<br />\r\n','2016-05-07 16:16:21',0),(29,4,47,'学生好，一切都好','<span lang=\"EN-US\" style=\"font-family: ????, Arial; line-height: 31pt; font-size: 15pt; background-color: rgb(255, 255, 255);\"><font face=\"宋体\"><font color=\"#222222\" face=\"Arial\">&nbsp;</font>&nbsp;&nbsp;&nbsp;</font></span><span style=\"line-height: 31pt; font-family: 仿宋_GB2312; font-size: 15pt; background-color: rgb(255, 255, 255);\">在石家庄教育界，邵喜珍算得上是一个&ldquo;传奇&rdquo;。从<span lang=\"EN-US\">18</span>岁开始走上教师岗位，到如今已有<span lang=\"EN-US\">34</span>年光阴。</span>\r\n<p style=\"margin: 0px; padding: 0px; font-family: ????, Arial; font-size: 12px; line-height: 31pt; background-color: rgb(255, 255, 255);\">\r\n	<font color=\"#000000\"><span lang=\"EN-US\" style=\"font-size: 15pt;\"><font face=\"宋体\">&nbsp;&nbsp;&nbsp;&nbsp;</font></span><span lang=\"EN-US\" style=\"font-family: 仿宋_GB2312; font-size: 15pt;\">34</span><span style=\"font-family: 仿宋_GB2312; font-size: 15pt;\">年，可以让一个牙牙学语的婴孩走过而立之年；也可以让一个风华正茂的青年女教师渐进花甲。邵喜珍把人生最美好的<span lang=\"EN-US\">34</span>年全部奉献给了钟爱的学生，正如她走到哪儿提到哪儿的&ldquo;学生好，一切都好！&rdquo;<span lang=\"EN-US\"><o:p></o:p></span></span></font></p>\r\n<p style=\"margin: 0px; padding: 0px; font-family: ????, Arial; font-size: 12px; line-height: 31pt; background-color: rgb(255, 255, 255);\">\r\n	<font color=\"#000000\"><span lang=\"EN-US\" style=\"font-size: 15pt;\"><font face=\"宋体\">&nbsp;&nbsp;&nbsp;&nbsp;</font></span><span style=\"font-family: 仿宋_GB2312; font-size: 15pt;\">春暖花开的四月，我们在石家庄二中校园里，近距离地去了解，这位已经连任三届的全国人大代表、第九届国家督学、石家庄二中<span lang=\"EN-US\">19</span>年的女校长，深深体会到&ldquo;学生好，一切都好&rdquo;背后蕴涵的大爱。<span lang=\"EN-US\"><o:p></o:p></span></span></font></p>\r\n<p style=\"margin: 0px; padding: 0px; font-family: ????, Arial; font-size: 12px; line-height: 31pt; background-color: rgb(255, 255, 255);\">\r\n	<font color=\"#000000\"><span lang=\"EN-US\" style=\"font-size: 15pt;\"><font face=\"宋体\">&nbsp;&nbsp;&nbsp;&nbsp;</font></span><span style=\"font-family: 仿宋_GB2312; font-size: 15pt;\">&ldquo;长&rdquo;在学校<span lang=\"EN-US\"><o:p></o:p></span></span></font></p>\r\n<p style=\"margin: 0px; padding: 0px; font-family: ????, Arial; font-size: 12px; line-height: 31pt; background-color: rgb(255, 255, 255);\">\r\n	<font color=\"#000000\"><span lang=\"EN-US\" style=\"font-size: 15pt;\"><font face=\"宋体\">&nbsp;&nbsp;&nbsp;&nbsp;</font></span><span style=\"font-family: 仿宋_GB2312; font-size: 15pt;\">二中门卫师傅已经习惯了，清晨<span lang=\"EN-US\">7</span>点左右在校门口与邵校长打的一天中第一个照面。不管春夏秋冬，几十年来，只要不出差、不到外面开会，邵校长都是学校最早到校的一批教师。到晚上<span lang=\"EN-US\">10</span>点，当下晚自习的学生们渐渐走完，才会看到邵校长的身影慢慢出现在校门口，又成为学校最后一批离校的教师。<span lang=\"EN-US\"><o:p></o:p></span></span></font></p>\r\n<p style=\"margin: 0px; padding: 0px; font-family: ????, Arial; font-size: 12px; line-height: 31pt; background-color: rgb(255, 255, 255);\">\r\n	<font color=\"#000000\"><span lang=\"EN-US\" style=\"font-size: 15pt;\"><font face=\"宋体\">&nbsp;&nbsp;&nbsp;&nbsp;</font></span><span style=\"font-family: 仿宋_GB2312; font-size: 15pt;\">&ldquo;你难道是&lsquo;长&rsquo;在学校了么？&rdquo;一位大学同学曾经这样问邵喜珍。<span lang=\"EN-US\"><o:p></o:p></span></span></font></p>\r\n<p style=\"margin: 0px; padding: 0px; font-family: ????, Arial; font-size: 12px; line-height: 31pt; background-color: rgb(255, 255, 255);\">\r\n	<font color=\"#000000\"><span lang=\"EN-US\" style=\"font-size: 15pt;\"><font face=\"宋体\">&nbsp;&nbsp;&nbsp;&nbsp;</font></span><span style=\"font-family: 仿宋_GB2312; font-size: 15pt;\">&ldquo;的确是&lsquo;长&rsquo;在学校了。&rdquo;她笑。&ldquo;我愿意我所有的精力和时间都跟学生在一起。&rdquo;她笑着承认：&ldquo;我跟学生在一起比跟家人在一起的时间多。&rdquo;<span lang=\"EN-US\"><o:p></o:p></span></span></font></p>\r\n<p style=\"margin: 0px; padding: 0px; font-family: ????, Arial; font-size: 12px; line-height: 31pt; background-color: rgb(255, 255, 255);\">\r\n	<font color=\"#000000\"><span lang=\"EN-US\" style=\"font-size: 15pt;\"><font face=\"宋体\">&nbsp;&nbsp;&nbsp;&nbsp;</font></span><span style=\"font-family: 仿宋_GB2312; font-size: 15pt;\">一天十几个小时，邵喜珍踏实地&ldquo;长&rdquo;在学校里，&ldquo;长&rdquo;在学生中。清晨去得早，学生还没来，她就四处去巡视，偌大的校园、教学楼，哪儿她都去看。宿舍、食堂、厕所、办公室，就像一个勤劳的耕耘者，执着地热爱着她的土地，哪怕一丝的细节也要细细地打理。<span lang=\"EN-US\"><o:p></o:p></span></span></font></p>\r\n<p style=\"margin: 0px; padding: 0px; font-family: ????, Arial; font-size: 12px; line-height: 31pt; background-color: rgb(255, 255, 255);\">\r\n	<font color=\"#000000\"><span lang=\"EN-US\" style=\"font-size: 15pt;\"><font face=\"宋体\">&nbsp;&nbsp;&nbsp;&nbsp;</font></span><span style=\"font-family: 仿宋_GB2312; font-size: 15pt;\">如果上午没有会，她会拿起一个笔记本，到教室里去听课。邵喜珍听课有个习惯，从来不提前打招呼。打算听哪个老师的课，从后门悄悄推门就进去了，讲课的老师也习惯了，连个结巴都不打，课程继续往下讲。<span lang=\"EN-US\"><o:p></o:p></span></span></font></p>\r\n<p style=\"margin: 0px; padding: 0px; font-family: ????, Arial; font-size: 12px; line-height: 31pt; background-color: rgb(255, 255, 255);\">\r\n	<font color=\"#000000\"><span lang=\"EN-US\" style=\"font-size: 15pt;\"><font face=\"宋体\">&nbsp;&nbsp;&nbsp;&nbsp;</font></span><span style=\"font-family: 仿宋_GB2312; font-size: 15pt;\">&ldquo;下课在教室后面意外发现校长，这在学校再平常不过了，我们也都习惯了。&rdquo;高三学生马子涵笑着说。<span lang=\"EN-US\"><o:p></o:p></span></span></font></p>\r\n<p style=\"margin: 0px; padding: 0px; font-family: ????, Arial; font-size: 12px; line-height: 31pt; background-color: rgb(255, 255, 255);\">\r\n	<font color=\"#000000\"><span lang=\"EN-US\" style=\"font-size: 15pt;\"><font face=\"宋体\">&nbsp;&nbsp;&nbsp;&nbsp;</font></span><span style=\"font-family: 仿宋_GB2312; font-size: 15pt;\">每次听课，除了关注授课老师的讲解，她还时刻关注学生的言词举动，下课后，她总要找老师或者学生聊一聊，有时是课堂上刚讲过的内容，有时是几天前学生关注过的一个问题。<span lang=\"EN-US\"><o:p></o:p></span></span></font></p>\r\n<p style=\"margin: 0px; padding: 0px; font-family: ????, Arial; font-size: 12px; line-height: 31pt; background-color: rgb(255, 255, 255);\">\r\n	<font color=\"#000000\"><span lang=\"EN-US\" style=\"font-size: 15pt;\"><font face=\"宋体\">&nbsp;&nbsp;&nbsp;&nbsp;</font></span><span style=\"font-family: 仿宋_GB2312; font-size: 15pt;\">&ldquo;智&rdquo;教学生<span lang=\"EN-US\"><o:p></o:p></span></span></font></p>\r\n<p style=\"margin: 0px; padding: 0px; font-family: ????, Arial; font-size: 12px; line-height: 31pt; background-color: rgb(255, 255, 255);\">\r\n	<font color=\"#000000\"><span lang=\"EN-US\" style=\"font-size: 15pt;\"><font face=\"宋体\">&nbsp;&nbsp;&nbsp;&nbsp;</font></span><span style=\"font-family: 仿宋_GB2312; font-size: 15pt;\">认识邵喜珍的人都说她是个&ldquo;智慧&rdquo;的人，这种&ldquo;智慧&rdquo;体现在她的博学，还体现在她的&ldquo;教育智慧&rdquo;，尤其是对学生内心深处的激发和调动，令共事多年的同事佩服不已。<span lang=\"EN-US\"><o:p></o:p></span></span></font></p>\r\n<p style=\"margin: 0px; padding: 0px; font-family: ????, Arial; font-size: 12px; line-height: 31pt; background-color: rgb(255, 255, 255);\">\r\n	<font color=\"#000000\"><span lang=\"EN-US\" style=\"font-size: 15pt;\"><font face=\"宋体\">&nbsp;&nbsp;&nbsp;&nbsp;</font></span><span style=\"font-family: 仿宋_GB2312; font-size: 15pt;\">在二中，邵喜珍给所有的任课老师提过一个要求：必须在一个星期内，叫出所教班级每一位学生的名字。班主任老师两天内必须叫出本班所有学生的名字。而她自己，学校南北校区<span lang=\"EN-US\">1000</span>个教职员工，她居然个个都能叫出名字。&ldquo;这是对每位师生最基本的尊重。&rdquo;她说。<span lang=\"EN-US\"><o:p></o:p></span></span></font></p>\r\n<p style=\"margin: 0px; padding: 0px; font-family: ????, Arial; font-size: 12px; line-height: 31pt; background-color: rgb(255, 255, 255);\">\r\n	<font color=\"#000000\"><span lang=\"EN-US\" style=\"font-size: 15pt;\"><font face=\"宋体\">&nbsp;&nbsp;&nbsp;&nbsp;</font></span><span style=\"font-family: 仿宋_GB2312; font-size: 15pt;\">她还要求所有班主任和年级主任，要在学生三年的高中生涯中，给每个孩子得到校长亲自表彰的机会、在学校当众演讲的机会、在学校舞台登台表演的机会，总称&ldquo;三个一&rdquo;。<span lang=\"EN-US\"><o:p></o:p></span></span></font></p>\r\n<p style=\"margin: 0px; padding: 0px; font-family: ????, Arial; font-size: 12px; line-height: 31pt; background-color: rgb(255, 255, 255);\">\r\n	<font color=\"#000000\"><span lang=\"EN-US\" style=\"font-size: 15pt;\"><font face=\"宋体\">&nbsp;&nbsp;&nbsp;&nbsp;</font></span><span style=\"font-family: 仿宋_GB2312; font-size: 15pt;\">&ldquo;我们学校开表彰会和别的学校都不一样，为了落实邵校长的要求，我们一次就要表彰几百个学生，而且名目繁多。&rdquo;二中宣传处主任梁建笑着说，&ldquo;邵校长让我们使劲挖掘每个学生身上的优点，哪怕一个闪光点都要表扬放大。&rdquo;<span lang=\"EN-US\"><o:p></o:p></span></span></font></p>\r\n<p style=\"margin: 0px; padding: 0px; font-family: ????, Arial; font-size: 12px; line-height: 31pt; background-color: rgb(255, 255, 255);\">\r\n	<font color=\"#000000\"><span lang=\"EN-US\" style=\"font-size: 15pt;\"><font face=\"宋体\">&nbsp;&nbsp;&nbsp;&nbsp;</font></span><span style=\"font-family: 仿宋_GB2312; font-size: 15pt;\">和表彰会一样，二中的舞台表演也是别具一格，学校最大限度地让每个学生都参与进来。&ldquo;实在不行，我们就跳集体舞。&rdquo;梁建说。<span lang=\"EN-US\"><o:p></o:p></span></span></font></p>\r\n<p style=\"margin: 0px; padding: 0px; font-family: ????, Arial; font-size: 12px; line-height: 31pt; background-color: rgb(255, 255, 255);\">\r\n	<font color=\"#000000\"><span lang=\"EN-US\" style=\"font-size: 15pt;\"><font face=\"宋体\">&nbsp;&nbsp;&nbsp;&nbsp;</font></span><span style=\"font-family: 仿宋_GB2312; font-size: 15pt;\">还有每周一次的升国旗仪式，学校创造了一个又一个机会，让学生们走上台去当众主持、演讲，&ldquo;哪怕时间短的只有一分钟，我们也要坚持让每个学生都有机会说。&rdquo;梁建说，有时一次就有几十个学生参与进去。<span lang=\"EN-US\"><o:p></o:p></span></span></font></p>\r\n<p style=\"margin: 0px; padding: 0px; font-family: ????, Arial; font-size: 12px; line-height: 31pt; background-color: rgb(255, 255, 255);\">\r\n	<font color=\"#000000\"><span lang=\"EN-US\" style=\"font-size: 15pt;\"><font face=\"宋体\">&nbsp;&nbsp;&nbsp;&nbsp;</font></span><span style=\"font-family: 仿宋_GB2312; font-size: 15pt;\">每年&ldquo;两会&rdquo;结束，别的代表都在合影留念，邵喜珍却沿着桌面挨个儿把代表们丢下的铅笔一根根回收，就因为这些特制的铅笔上面书写着&ldquo;全国人民代表大会&rdquo;字样，&ldquo;我会把它们作为礼物奖励给我的学生，让他们从小跟全国人民代表大会制度连接在一起，并为此感到自豪。&rdquo;<span lang=\"EN-US\"><o:p></o:p></span></span></font></p>\r\n<p style=\"margin: 0px; padding: 0px; font-family: ????, Arial; font-size: 12px; line-height: 31pt; background-color: rgb(255, 255, 255);\">\r\n	<font color=\"#000000\"><span lang=\"EN-US\" style=\"font-size: 15pt;\"><font face=\"宋体\">&nbsp;&nbsp;&nbsp;&nbsp;</font></span><span style=\"font-family: 仿宋_GB2312; font-size: 15pt;\">&ldquo;细&rdquo;察秋毫<span lang=\"EN-US\"><o:p></o:p></span></span></font></p>\r\n<p style=\"margin: 0px; padding: 0px; font-family: ????, Arial; font-size: 12px; line-height: 31pt; background-color: rgb(255, 255, 255);\">\r\n	<font color=\"#000000\"><span lang=\"EN-US\" style=\"font-size: 15pt;\"><font face=\"宋体\">&nbsp;&nbsp;&nbsp;&nbsp;</font></span><span style=\"font-family: 仿宋_GB2312; font-size: 15pt;\">高三学生武文斌，至今还记得那天与邵校长一同回家路上的谈话。<span lang=\"EN-US\"><o:p></o:p></span></span></font></p>\r\n<p style=\"margin: 0px; padding: 0px; font-family: ????, Arial; font-size: 12px; line-height: 31pt; background-color: rgb(255, 255, 255);\">\r\n	<font color=\"#000000\"><span lang=\"EN-US\" style=\"font-size: 15pt;\"><font face=\"宋体\">&nbsp;&nbsp;&nbsp;&nbsp;</font></span><span style=\"font-family: 仿宋_GB2312; font-size: 15pt;\">那段日子，武文斌有点郁闷，连续几次小测成绩都不理想，让他情绪低落。一天，放学路上，邵校长突然主动要求和他一起同行。&ldquo;不知道邵校长怎么知道了我这几天的情况，一路上，她和我谈了很多事情，并鼓励我不要太在意成绩，只要付出了，做最好的自己，这就够了。&rdquo;<span lang=\"EN-US\"><o:p></o:p></span></span></font></p>\r\n<p style=\"margin: 0px; padding: 0px; font-family: ????, Arial; font-size: 12px; line-height: 31pt; background-color: rgb(255, 255, 255);\">\r\n	<font color=\"#000000\"><span lang=\"EN-US\" style=\"font-size: 15pt;\"><font face=\"宋体\">&nbsp;&nbsp;&nbsp;&nbsp;</font></span><span style=\"font-family: 仿宋_GB2312; font-size: 15pt;\">有了校长的鼓励，武文斌放下了思想负担，把精力转移到了课堂的学习上，没过多久，他的成绩又赶了上来。<span lang=\"EN-US\"><o:p></o:p></span></span></font></p>\r\n<p style=\"margin: 0px; padding: 0px; font-family: ????, Arial; font-size: 12px; line-height: 31pt; background-color: rgb(255, 255, 255);\">\r\n	<font color=\"#000000\"><span lang=\"EN-US\" style=\"font-size: 15pt;\"><font face=\"宋体\">&nbsp;&nbsp;&nbsp;&nbsp;</font></span><span style=\"font-family: 仿宋_GB2312; font-size: 15pt;\">邵喜珍每时每刻都关注着她的学生，只要在学校，她总要仔细地听完看完每位同学在公开场合的演讲和表演。<span lang=\"EN-US\"><o:p></o:p></span></span></font></p>\r\n<p style=\"margin: 0px; padding: 0px; font-family: ????, Arial; font-size: 12px; line-height: 31pt; background-color: rgb(255, 255, 255);\">\r\n	<font color=\"#000000\"><span lang=\"EN-US\" style=\"font-size: 15pt;\"><font face=\"宋体\">&nbsp;&nbsp;&nbsp;&nbsp;</font></span><span style=\"font-family: 仿宋_GB2312; font-size: 15pt;\">一次升旗仪式上，她发现一个高一男生主持仪式时结结巴巴，神情紧张，邵喜珍有点奇怪。下来后，她找到男生班主任，才知道男孩儿非常怵头在公众面前讲话，这次在别人看来难得的主持机会，对他来说却是一种煎熬。他也知道学校主持机会稀少，为此跟同学说：&ldquo;糊弄一些算了，反正也不会再有下一次。&rdquo;<span lang=\"EN-US\"><o:p></o:p></span></span></font></p>\r\n<p style=\"margin: 0px; padding: 0px; font-family: ????, Arial; font-size: 12px; line-height: 31pt; background-color: rgb(255, 255, 255);\">\r\n	<font color=\"#000000\"><span lang=\"EN-US\" style=\"font-size: 15pt;\"><font face=\"宋体\">&nbsp;&nbsp;&nbsp;&nbsp;</font></span><span style=\"font-family: 仿宋_GB2312; font-size: 15pt;\">邵喜珍的心抽紧了。&ldquo;再给他一次机会！&rdquo;她说。班主任以为自己听错了：&ldquo;没有哪个学生主持过两次升旗仪式。&rdquo;&ldquo;如果不让他成功一次，他永远都将不敢在大场合说话。可以在主持前给他进行辅导，确保他成功的主持完仪式。&rdquo;<span lang=\"EN-US\"><o:p></o:p></span></span></font></p>\r\n<p style=\"margin: 0px; padding: 0px; font-family: ????, Arial; font-size: 12px; line-height: 31pt; background-color: rgb(255, 255, 255);\">\r\n	<font color=\"#000000\"><span lang=\"EN-US\" style=\"font-size: 15pt;\"><font face=\"宋体\">&nbsp;&nbsp;&nbsp;&nbsp;</font></span><span style=\"font-family: 仿宋_GB2312; font-size: 15pt;\">六个月后，这个男生开始了全校师生面前的第二次升国旗仪式主持。这一次，由于有了前期的充分准备，男孩儿落落大方、声音坚定自信。仪式结束后，邵喜珍专门对他提出表扬。让所有人惊讶的是：一个月后的考试测试中，男孩儿从全年级<span lang=\"EN-US\">300</span>名跃至年级前<span lang=\"EN-US\">50</span>名。<span lang=\"EN-US\"><o:p></o:p></span></span></font></p>\r\n<p style=\"margin: 0px; padding: 0px; font-family: ????, Arial; font-size: 12px; line-height: 31pt; background-color: rgb(255, 255, 255);\">\r\n	<font color=\"#000000\"><span lang=\"EN-US\" style=\"font-size: 15pt;\"><font face=\"宋体\">&nbsp;&nbsp;&nbsp;&nbsp;</font></span><span style=\"font-family: 仿宋_GB2312; font-size: 15pt;\">无声担当<span lang=\"EN-US\"><o:p></o:p></span></span></font></p>\r\n<p style=\"margin: 0px; padding: 0px; font-family: ????, Arial; font-size: 12px; line-height: 31pt; background-color: rgb(255, 255, 255);\">\r\n	<font color=\"#000000\"><span lang=\"EN-US\" style=\"font-size: 15pt;\"><font face=\"宋体\">&nbsp;&nbsp;&nbsp;&nbsp;</font></span><span style=\"font-family: 仿宋_GB2312; font-size: 15pt;\">&ldquo;我和邵校长共事<span lang=\"EN-US\">29</span>年，从未见过她掉眼泪，而在南校区建校十周年庆典上，回顾南校区建设的艰苦历程时，我却看到她流下了眼泪。&rdquo;与邵喜珍共事近<span lang=\"EN-US\">30</span>年的石家庄二中党委书记赵洪说。<span lang=\"EN-US\"><o:p></o:p></span></span></font></p>\r\n<p style=\"margin: 0px; padding: 0px; font-family: ????, Arial; font-size: 12px; line-height: 31pt; background-color: rgb(255, 255, 255);\">\r\n	<font color=\"#000000\"><span lang=\"EN-US\" style=\"font-size: 15pt;\"><font face=\"宋体\">&nbsp;&nbsp;&nbsp;&nbsp;</font></span><span style=\"font-family: 仿宋_GB2312; font-size: 15pt;\">为发挥优质教育资源的示范带动作用，早在<span lang=\"EN-US\">2002</span>年，石家庄二中就在全省率先组建了首家教育集团&mdash;&mdash;&ldquo;石家庄二中教育集团&rdquo;，首批成员校包括二中校本部、经贸大学附中、炼油厂子弟学校、新华区精神文明学院、新疆和静中学。<span lang=\"EN-US\"><o:p></o:p></span></span></font></p>\r\n<p style=\"margin: 0px; padding: 0px; font-family: ????, Arial; font-size: 12px; line-height: 31pt; background-color: rgb(255, 255, 255);\">\r\n	<font color=\"#000000\"><span lang=\"EN-US\" style=\"font-size: 15pt;\"><font face=\"宋体\">&nbsp;&nbsp;&nbsp;&nbsp;</font></span><span style=\"font-family: 仿宋_GB2312; font-size: 15pt;\">作为轴心学校，二中慷慨地向其他学校输送管理人才、管理理念以及优秀的教师资源，带动薄弱学校更好更快地发展。<span lang=\"EN-US\"><o:p></o:p></span></span></font></p>\r\n<p style=\"margin: 0px; padding: 0px; font-family: ????, Arial; font-size: 12px; line-height: 31pt; background-color: rgb(255, 255, 255);\">\r\n	<font color=\"#000000\"><span lang=\"EN-US\" style=\"font-size: 15pt;\"><font face=\"宋体\">&nbsp;&nbsp;&nbsp;&nbsp;</font></span><span lang=\"EN-US\" style=\"font-family: 仿宋_GB2312; font-size: 15pt;\">2004</span><span style=\"font-family: 仿宋_GB2312; font-size: 15pt;\">年，面对经济社会的迅猛发展，人们对优质教育资源的渴望日渐强烈，而优质高中短缺却成为一个亟待突破的瓶颈，越来越多的声音希望二中能够发挥优势建立分校，以缓解社会压力。<span lang=\"EN-US\"><o:p></o:p></span></span></font></p>\r\n<p style=\"margin: 0px; padding: 0px; font-family: ????, Arial; font-size: 12px; line-height: 31pt; background-color: rgb(255, 255, 255);\">\r\n	<font color=\"#000000\"><span lang=\"EN-US\" style=\"font-size: 15pt;\"><font face=\"宋体\">&nbsp;&nbsp;&nbsp;&nbsp;</font></span><span style=\"font-family: 仿宋_GB2312; font-size: 15pt;\">&ldquo;面对这个问题，班子成员有不同的声音。有人反对，理由是资金、师资从哪里来？会不会影响本部发展？出现问题责任谁来担？&rdquo;赵洪回忆说。<span lang=\"EN-US\"><o:p></o:p></span></span></font></p>\r\n<p style=\"margin: 0px; padding: 0px; font-family: ????, Arial; font-size: 12px; line-height: 31pt; background-color: rgb(255, 255, 255);\">\r\n	<font color=\"#000000\"><span lang=\"EN-US\" style=\"font-size: 15pt;\"><font face=\"宋体\">&nbsp;&nbsp;&nbsp;&nbsp;</font></span><span style=\"font-family: 仿宋_GB2312; font-size: 15pt;\">面对大家的担忧和疑虑，邵喜珍态度坚决：&ldquo;作为国家示范性优质高中，我们要勇于承担社会责任，不论遇到多大困难，就是头拱地也要把分校建好！&rdquo;<span lang=\"EN-US\"><o:p></o:p></span></span></font></p>\r\n<p style=\"margin: 0px; padding: 0px; font-family: ????, Arial; font-size: 12px; line-height: 31pt; background-color: rgb(255, 255, 255);\">\r\n	<font color=\"#000000\"><span lang=\"EN-US\" style=\"font-size: 15pt;\"><font face=\"宋体\">&nbsp;&nbsp;&nbsp;&nbsp;</font></span><span style=\"font-family: 仿宋_GB2312; font-size: 15pt;\">开弓没有回头箭，从选址到筹资，从设计方案到施工建设，从师资选聘到学生搬迁，一年后的<span lang=\"EN-US\">2005</span>年，二中南校区拔地而起。十年后的<span lang=\"EN-US\">2015</span>年，南校区已经为国家培养了近<span lang=\"EN-US\">2</span>万名优秀毕业生。<span lang=\"EN-US\"><o:p></o:p></span></span></font></p>\r\n<p style=\"margin: 0px; padding: 0px; font-family: ????, Arial; font-size: 12px; line-height: 31pt; background-color: rgb(255, 255, 255);\">\r\n	<font color=\"#000000\"><span lang=\"EN-US\" style=\"font-size: 15pt;\"><font face=\"宋体\">&nbsp;&nbsp;&nbsp;&nbsp;</font></span><span style=\"font-family: 仿宋_GB2312; font-size: 15pt;\">然而，建设中的各种酸楚有谁知道？<span lang=\"EN-US\"><o:p></o:p></span></span></font></p>\r\n<p style=\"margin: 0px; padding: 0px; font-family: ????, Arial; font-size: 12px; line-height: 31pt; background-color: rgb(255, 255, 255);\">\r\n	<font color=\"#000000\"><span lang=\"EN-US\" style=\"font-size: 15pt;\"><font face=\"宋体\">&nbsp;&nbsp;&nbsp;&nbsp;</font></span><span style=\"font-family: 仿宋_GB2312; font-size: 15pt;\">&ldquo;面对困难，邵校长的泪水默默往肚子里流，出现在大家面前的永远是成竹在胸的笑脸。&rdquo;赵洪说。<span lang=\"EN-US\"><o:p></o:p></span></span></font></p>\r\n<p style=\"margin: 0px; padding: 0px; font-family: ????, Arial; font-size: 12px; line-height: 31pt; background-color: rgb(255, 255, 255);\">\r\n	<font color=\"#000000\"><span lang=\"EN-US\" style=\"font-size: 15pt;\"><font face=\"宋体\">&nbsp;&nbsp;&nbsp;&nbsp;</font></span><span lang=\"EN-US\" style=\"font-family: 仿宋_GB2312; font-size: 15pt;\">2016</span><span style=\"font-family: 仿宋_GB2312; font-size: 15pt;\">年，石家庄二中已经发展成为一校五区的集团化办学模式。<span lang=\"EN-US\"><o:p></o:p></span></span></font></p>\r\n<p style=\"margin: 0px; padding: 0px; font-family: ????, Arial; font-size: 12px; line-height: 31pt; background-color: rgb(255, 255, 255);\">\r\n	<font color=\"#000000\"><span lang=\"EN-US\" style=\"font-size: 15pt;\"><font face=\"宋体\">&nbsp;&nbsp;&nbsp;&nbsp;</font></span><span style=\"font-family: 仿宋_GB2312; font-size: 15pt;\">邵喜珍的担当表现在方方面面。全国&ldquo;两会&rdquo;上，她积极建言献策，提交建议<span lang=\"EN-US\">60</span>余项；暴雨天，中华大街下水道堵塞，她穿着雨衣一人徒手掏通十个下水道口；校门口八旬修车师傅，她每每俯身询问，嘱咐师生日常多照顾；&ldquo;两会&rdquo;归来，她在教育集团各成员校组织各种层次讲座几十次。每年，她还要亲自为学生上课，介绍全国人民代表大会知识。<span lang=\"EN-US\"><o:p></o:p></span></span></font></p>\r\n<p style=\"margin: 0px; padding: 0px; font-family: ????, Arial; font-size: 12px; line-height: 31pt; background-color: rgb(255, 255, 255);\">\r\n	<font color=\"#000000\"><span lang=\"EN-US\" style=\"font-size: 15pt;\"><font face=\"宋体\">&nbsp;&nbsp;&nbsp;&nbsp;</font></span><span style=\"font-family: 仿宋_GB2312; font-size: 15pt;\">&ldquo;教育是什么？教育为什么？教育怎样做？&rdquo;在<span lang=\"EN-US\">34</span>年的教学生涯中，邵喜珍时时这样自问。<span lang=\"EN-US\"><o:p></o:p></span></span></font></p>\r\n<p style=\"margin: 0px; padding: 0px; font-family: ????, Arial; font-size: 12px; line-height: 31pt; background-color: rgb(255, 255, 255);\">\r\n	<font color=\"#000000\"><span lang=\"EN-US\" style=\"font-size: 15pt;\"><font face=\"宋体\">&nbsp;&nbsp;&nbsp;&nbsp;</font></span><span style=\"font-family: 仿宋_GB2312; font-size: 15pt;\">然而，回首她所走过的教育历程，我们却发现，她已经用行动给了明确回答：&ldquo;学生好，一切都好！&rdquo;<span lang=\"EN-US\"><o:p></o:p></span></span></font></p>\r\n<p style=\"margin: 0px; padding: 0px; font-family: ????, Arial; font-size: 12px; line-height: 31pt; background-color: rgb(255, 255, 255);\">\r\n	<font color=\"#000000\"><span lang=\"EN-US\" style=\"font-size: 15pt;\"><font face=\"宋体\">&nbsp;&nbsp;&nbsp;&nbsp;</font></span><span style=\"font-family: 仿宋_GB2312; font-size: 15pt;\">心怀使命、力担责任，邵喜珍做到了！&nbsp;&nbsp;&nbsp;&nbsp;<span style=\"font-size: 15pt;\"><font color=\"#000000\">本报首席记者 李云萍</font></span></span></font></p>\r\n','2016-05-07 16:17:21',0),(30,4,1,'好胜心与成就感 让我不懈地努力','　本报记者&nbsp;王君星　<br />\r\n&nbsp;　高考倒计40天，高考复习已进入三轮、四轮复习阶段，多数学校在这一阶段更加注重学生自主的复习，拿出更多的时间让学生自己支配。那么，这一阶段如何备战才最有效？记者采访了2015年石家庄高考理科状元赵芸笛，一起来听听她的备战秘籍。<br />\r\n&nbsp;　最有成就感的是&ldquo;答疑&rdquo;而非&ldquo;做题&rdquo;<br />\r\n&nbsp;　高考倒计40天，在赵芸笛看来，这一时期做套卷只是为了练习手感，整理笔记、找老师答疑才是最关键的工作。<br />\r\n&nbsp;　整理笔记要有层次。赵芸笛告诉记者，在平时学习中，每一科目她至少会准备两大系列笔记，一是课堂笔记系列，一个是错题笔记系列。&ldquo;每天最有成就感的就是在整理笔记时，串联脑海中相似的题型，发现某个特定题型中设计的知识点，从不同角度去认识同一知识点的多种&lsquo;面目&rsquo;，用精炼的语言把它们记录下来。临考前，翻看这本笔记就能找到知识的精华。&rdquo;<br />\r\n&nbsp;　赵芸笛说，进入高考最后阶段，每天会有根本做不完的题，这时要学会取舍。不要只关注做了多少题，更应该关注错了多少题，有哪些疑问还没有解决。相对于套卷练习，赵芸笛更倾向于在这一时期进行专题复习，一块块&ldquo;啃&rdquo;下专题，解决疑问，温故知新。<br />\r\n&nbsp;　每一件事情都做到&ldquo;有用&rdquo;<br />\r\n&nbsp;　赵芸笛告诉记者，在争分夺秒的冲刺阶段，她从来不会拿本书来随手翻翻，学什么自己却毫无概念。她会清楚地知道自己做的每一件事都是有用的，哪怕是看一部英文电影，也不会让耳朵闲着，还会特意去看影评，积累素材。<br />\r\n&nbsp;　把最高效的学习放在课堂，放在学校，是赵芸笛始终坚持的学习习惯。最后40天的时候，作为走读生，她每天提前到教室，找一个轻松的方式进入学习状态，在早晨，她一般会安排学习语文、英语。上午和下午大块的时间用来复习数理化，找老师答疑。晚上10点回家后，她会选择翻翻报纸，放松一下，为第二天的学习养精蓄锐。<br />\r\n&nbsp;　无论怎么算高考都是&ldquo;波峰&rdquo;<br />\r\n&nbsp;　步入高考，考试就如同家常便饭。&ldquo;每次模拟考，总会有&ldquo;波峰&rdquo;&ldquo;波谷&rdquo;，可无论怎么算，高考那次都会赶上&lsquo;波峰&rsquo;&rdquo;，赵芸笛笑道，或许这就是自己保持良好心态的办法。面对高考，与其局限于空想的焦虑中，不如把时间落到操作层面，投入到无休止的做题运动中。<br />\r\n&nbsp;　此外，赵芸笛建议，当大脑疲惫时，每天抽出时间练练字，保持手感，毕竟字迹工整漂亮能够为英语、语文这两个科目加分不少。<br />\r\n&nbsp;　对话理科状元<br />\r\n&nbsp;　记者：在成长的过程中，是什么因素促进你取得这么好的成绩？<br />\r\n&nbsp;　赵芸笛：我想我向上的动力一直来源于自己的好胜心和成就感。学习带给了我满足、幸福，扩大了我进步的空间。同时，学习还带给我一种优越感，但这种优越感不是和别人比较而来，而是与那个懈怠了的没有完成任务的自己相比带来的优越感。<br />\r\n&nbsp;　记者：考入北京大学后，你的大学生活与高中有何不同？<br />\r\n&nbsp;　赵芸笛：上大学后，身边高手如云，大学校园也不再只是对高考能力的要求，需要拓展各方面的能力。在大学，我尽量让自己接触更多地方的人与事，开拓眼界，每天也忙得不亦乐乎。<br />\r\n&nbsp;　记者：从小到大学，我们都在不停地学习，你是如何理解学习的呢？<br />\r\n&nbsp;　赵芸笛：学习让我拥有更系统更规范的思维去思考问题，分析问题，而不是对一件事情一知半解时就去发表评论，这样的评论终究只是茶余饭后的谈资而已。作为一名理科生，我现在发现自己也离不开政治、艺术，它们让我更完整的去认识世界。生活远非只有考试，但不能没有学习。本报记者&nbsp;王君星<br />\r\n','2016-05-07 16:18:19',2),(31,4,52,'17中“小初衔接”开放日活动纪实','<span lang=\"EN-US\" style=\"font-family: ????, Arial; line-height: 31pt; font-size: 15pt; background-color: rgb(255, 255, 255);\"><font face=\"宋体\">&nbsp; &nbsp;&nbsp;</font></span><span style=\"line-height: 31pt; font-family: 仿宋_GB2312; font-size: 15pt; background-color: rgb(255, 255, 255);\">近日，第十七中学与草场街及宫尹、东五里、东良厢小学的联合体&ldquo;小初衔接&rdquo;开放日活动成功举行。</span>\r\n<p style=\"margin: 0px; padding: 0px; font-family: ????, Arial; font-size: 12px; line-height: 31pt; background-color: rgb(255, 255, 255);\">\r\n	<font color=\"#000000\"><span lang=\"EN-US\" style=\"font-size: 15pt;\"><font face=\"宋体\">&nbsp;&nbsp;&nbsp;&nbsp;</font></span><span style=\"font-family: 仿宋_GB2312; font-size: 15pt;\">这是桥西区委区政府支持教育发展的重大举措，也是区教育局实现义务教育均衡发展，探索集团化、学区化办学模式，推进校际间教育均衡，共同办好人民满意教育的大胆实践。<span lang=\"EN-US\"><o:p></o:p></span></span></font></p>\r\n<p style=\"margin: 0px; padding: 0px; font-family: ????, Arial; font-size: 12px; line-height: 31pt; background-color: rgb(255, 255, 255);\">\r\n	<font color=\"#000000\"><span lang=\"EN-US\" style=\"font-size: 15pt;\"><font face=\"宋体\">&nbsp;&nbsp;&nbsp;&nbsp;</font></span><span style=\"font-family: 仿宋_GB2312; font-size: 15pt;\">十七中作为区域内办学历史最为悠久，办学特色较为突出的一所中学，随着<span lang=\"EN-US\">2016</span>年区内十个联合体共同开放日的部署，认真地进行了独具特色的准备和接待。<span lang=\"EN-US\"><o:p></o:p></span></span></font></p>\r\n<p style=\"margin: 0px; padding: 0px; font-family: ????, Arial; font-size: 12px; line-height: 31pt; background-color: rgb(255, 255, 255);\">\r\n	<font color=\"#000000\"><span lang=\"EN-US\" style=\"font-size: 15pt;\"><font face=\"宋体\">&nbsp;&nbsp;&nbsp;&nbsp;</font></span><span style=\"font-family: 仿宋_GB2312; font-size: 15pt;\">一大早，宫尹、东良厢及东五里小学的学生及家长近<span lang=\"EN-US\">600</span>人就聚集在十七中新校区。有序地组织、崭新的教室、先进的设备、《成功之歌》纪录片、《新校区规划建设愿景》等展示，让学生和家长充分了解学校的办学思想、精细管理、发展特色；在校初一学生介绍学习感受，老师讲解小初衔接注意事项，给了孩子和家长更多的关心和帮助。<span lang=\"EN-US\"><o:p></o:p></span></span></font></p>\r\n<p style=\"margin: 0px; padding: 0px; font-family: ????, Arial; font-size: 12px; line-height: 31pt; background-color: rgb(255, 255, 255);\">\r\n	<font color=\"#000000\"><span lang=\"EN-US\" style=\"font-size: 15pt;\"><font face=\"宋体\">&nbsp;&nbsp;&nbsp;&nbsp;</font></span><span style=\"font-family: 仿宋_GB2312; font-size: 15pt;\">&ldquo;十七中&lsquo;以人为本，人人成功&rsquo;的办学理念我们很信服，我的孩子不是最优秀的，但学校说相信每一个学生都是天才，都是可造之才，老师们对学生不批评、不埋怨，相信孩子在这里上学可以有好的发展&rdquo;。&ldquo;我对贵校教学观念，育人理念，先做人、后做学问这点特别赞同，这次活动给我留下了很好印象。&rdquo;<span lang=\"EN-US\"><o:p></o:p></span></span></font></p>\r\n<p style=\"margin: 0px; padding: 0px; font-family: ????, Arial; font-size: 12px; line-height: 31pt; background-color: rgb(255, 255, 255);\">\r\n	<font color=\"#000000\"><span lang=\"EN-US\" style=\"font-size: 15pt;\"><font face=\"宋体\">&nbsp;&nbsp;&nbsp;&nbsp;</font></span><span style=\"font-family: 仿宋_GB2312; font-size: 15pt;\">家长们的感触和意见是最好的反馈，是对学校工作的最大褒奖，也是学校不断提高办学水平，规范办学行为的动力。<span lang=\"EN-US\"><o:p></o:p></span></span></font></p>\r\n<p style=\"margin: 0px; padding: 0px; font-family: ????, Arial; font-size: 12px; line-height: 31pt; background-color: rgb(255, 255, 255);\">\r\n	<font color=\"#000000\"><span lang=\"EN-US\" style=\"font-size: 15pt;\"><font face=\"宋体\">&nbsp;&nbsp;&nbsp;&nbsp;</font></span><span style=\"font-family: 仿宋_GB2312; font-size: 15pt;\">一名来自草场街小学的家长问：&ldquo;我是外来务工的，在<span lang=\"EN-US\">17</span>中南校区片内有房，这样的情况能直接分到这里么？&rdquo;<span lang=\"EN-US\"><o:p></o:p></span></span></font></p>\r\n<p style=\"margin: 0px; padding: 0px; font-family: ????, Arial; font-size: 12px; line-height: 31pt; background-color: rgb(255, 255, 255);\">\r\n	<font color=\"#000000\"><span lang=\"EN-US\" style=\"font-size: 15pt;\"><font face=\"宋体\">&nbsp;&nbsp;&nbsp;&nbsp;</font></span><span style=\"font-family: 仿宋_GB2312; font-size: 15pt;\">&ldquo;我们就住在尹泰花园，为了让孩子上一个好学校，过去的邻居到处找学校，现在我们是不是能直接上<span lang=\"EN-US\">17</span>中新校区了？&rdquo;<span lang=\"EN-US\"><o:p></o:p></span></span></font></p>\r\n<p style=\"margin: 0px; padding: 0px; font-family: ????, Arial; font-size: 12px; line-height: 31pt; background-color: rgb(255, 255, 255);\">\r\n	<font color=\"#000000\"><span lang=\"EN-US\" style=\"font-size: 15pt;\"><font face=\"宋体\">&nbsp;&nbsp;&nbsp;&nbsp;</font></span><span style=\"font-family: 仿宋_GB2312; font-size: 15pt;\">面对一系列怎样入学的家长提问，学校不断给出回答。<span lang=\"EN-US\"><o:p></o:p></span></span></font></p>\r\n<p style=\"margin: 0px; padding: 0px; font-family: ????, Arial; font-size: 12px; line-height: 31pt; background-color: rgb(255, 255, 255);\">\r\n	<font color=\"#000000\"><span lang=\"EN-US\" style=\"font-size: 15pt;\"><font face=\"宋体\">&nbsp;&nbsp;&nbsp;&nbsp;</font></span><span style=\"font-family: 仿宋_GB2312; font-size: 15pt;\">为使孩子顺利做好小初过渡，<span lang=\"EN-US\">17</span>中的老师们还反复嘱咐家长，帮助孩子树立理想，并提出具体的行为指南和努力目标，还提醒家长要帮助孩子养成生活好习惯，使孩子能够生活自理，还要培养孩子较强的时间观念，并引导孩子养成学习的好习惯，课堂上积极参与，课后认真复习。<span lang=\"EN-US\"><o:p></o:p></span></span></font></p>\r\n<p style=\"margin: 0px; padding: 0px; font-family: ????, Arial; font-size: 12px; line-height: 31pt; background-color: rgb(255, 255, 255);\">\r\n	<font color=\"#000000\"><span lang=\"EN-US\" style=\"font-size: 15pt;\"><font face=\"宋体\">&nbsp;&nbsp;&nbsp;&nbsp;</font></span><span style=\"font-family: 仿宋_GB2312; font-size: 15pt;\">多年来，<span lang=\"EN-US\">17</span>中始终坚持&ldquo;沟通服务&rdquo;的工作理念，为家长、学生及时送去他们最需要的帮助。学校多次承办市区&ldquo;小初衔接&rdquo;观摩活动，语文、数学、生物等各学科骨干教师通过同课异构、典型示范、集体教研等多种途径与小学教师进行深度交流，努力将衔接的思想落到实处。<span lang=\"EN-US\"><o:p></o:p></span></span></font></p>\r\n<p style=\"margin: 0px; padding: 0px; font-family: ????, Arial; font-size: 12px; line-height: 31pt; background-color: rgb(255, 255, 255);\">\r\n	<font color=\"#000000\"><span lang=\"EN-US\" style=\"font-size: 15pt;\"><font face=\"宋体\">&nbsp;&nbsp;&nbsp;&nbsp;</font></span><span style=\"font-family: 仿宋_GB2312; font-size: 15pt;\">帮助孩子树立自信，用一个个小目标的实现来促进孩子不断追求成功的热情；&ldquo;<span lang=\"EN-US\">21</span>天一个好习惯&rdquo;的主题教育，让孩子在生活、学习的实际锻炼中为初中生活做好铺垫&hellip;&hellip;这些<span lang=\"EN-US\">17</span>中的教育教学观念的不断传播，让联合体的小初衔接变得更具体、更实际、更有效。<span lang=\"EN-US\"><o:p></o:p></span></span></font></p>\r\n<p style=\"margin: 0px; padding: 0px; font-family: ????, Arial; font-size: 12px; line-height: 31pt; background-color: rgb(255, 255, 255);\">\r\n	<font color=\"#000000\"><span lang=\"EN-US\" style=\"font-size: 15pt;\"><font face=\"宋体\">&nbsp;&nbsp;&nbsp;&nbsp;</font></span><span style=\"font-family: 仿宋_GB2312; font-size: 15pt;\">&ldquo;连续多年成功举办开放日活动，既展示了学校的办学特色，又契合了家长、孩子的需要，可以说是多赢的。面对小初衔接这个课题，我们努力实践，力争为推动区域教育均衡，实现联合体内涵发展做出更大贡献。&rdquo;<span lang=\"EN-US\">17</span>中校长边东书的一番话，印证了学校&ldquo;让每一个孩子享受成功的喜悦和快乐&rdquo;的办学宗旨，更展现出了学校踏实严谨的办学风格，也能让更多学生和家长了解和享受到成功教育的内涵。</span></font></p>\r\n','2016-05-07 16:29:46',0),(32,4,50,'高考打造学生升学新通途技能教育成就学生就业梦想','<span lang=\"EN-US\" style=\"font-family: ????, Arial; line-height: 31pt; font-size: 15pt; background-color: rgb(255, 255, 255);\"><font face=\"宋体\">&nbsp; &nbsp;&nbsp;</font></span><span style=\"line-height: 31pt; font-family: 仿宋_GB2312; font-size: 15pt; background-color: rgb(255, 255, 255);\">它是河北省首批国家级重点职业学校，也是全国教育改革发展示范院校，它就是开设了电子电工、机械制造、计算机、财经、美术、农林、旅游等十二个专业的晋州市职教中心。</span>\r\n<p style=\"margin: 0px; padding: 0px; font-family: ????, Arial; font-size: 12px; line-height: 31pt; background-color: rgb(255, 255, 255);\">\r\n	<font color=\"#000000\"><span lang=\"EN-US\" style=\"font-size: 15pt;\"><font face=\"宋体\">&nbsp;&nbsp;&nbsp;&nbsp;</font></span><span style=\"font-family: 仿宋_GB2312; font-size: 15pt;\">虽然只是一所职业院校，但让校长郭建成感到自豪的是，这里的毕业生不仅在技能大赛上屡获佳绩，而且在高考中也取得了骄人成绩。&ldquo;从高考成绩看，我们的毕业生能升入中国矿业大学、西北农林科技大学、东南大学、天津大学等全国名校。学校本一本二上线率连年上升，<span lang=\"EN-US\">2015</span>年本一本二上线<span lang=\"EN-US\">100</span>多名，本科上线率达<span lang=\"EN-US\">36.8%</span>。&rdquo;郭建成说，在专业技能方面，从<span lang=\"EN-US\">2012</span>年以来，学校学生在省技能大赛中获团体奖<span lang=\"EN-US\">12</span>个，个人优秀奖<span lang=\"EN-US\">120</span>个，每年的中级工技能鉴定学生参与率、过关率均为<span lang=\"EN-US\">100%</span>。<span lang=\"EN-US\"><o:p></o:p></span></span></font></p>\r\n<p style=\"margin: 0px; padding: 0px; font-family: ????, Arial; font-size: 12px; line-height: 31pt; background-color: rgb(255, 255, 255);\">\r\n	<font color=\"#000000\"><span lang=\"EN-US\" style=\"font-size: 15pt;\"><font face=\"宋体\">&nbsp;&nbsp;&nbsp;&nbsp;</font></span><span style=\"font-family: 仿宋_GB2312; font-size: 15pt;\">在郭建成校长看来，成绩的取得与学校注重教学质量、注重教师素质的提升有很大的关系。单近三年来，学校就组织百余名教师到北京、南京、杭州等地参加魏书生、李镇西、冯恩洪、丁如许等教育专家讲座，请张国宏、田丽霞、刘银花、曲连昆等多位专家来校做报告，有<span lang=\"EN-US\">30</span>多名教师到天津大学、北京师范大学等国家名校完成了国家级培训；<span lang=\"EN-US\">30</span>余名教师在省级以上教师评优课大赛中获奖，<span lang=\"EN-US\">&nbsp;2015</span>年，又有<span lang=\"EN-US\">9</span>位教师在全国大赛中获奖，其中郑海霞、张惠荣老师分别荣获全国说课比赛一等奖、二等奖。<span lang=\"EN-US\"><o:p></o:p></span></span></font></p>\r\n<p style=\"margin: 0px; padding: 0px; font-family: ????, Arial; font-size: 12px; line-height: 31pt; background-color: rgb(255, 255, 255);\">\r\n	<font color=\"#000000\"><span lang=\"EN-US\" style=\"font-size: 15pt;\"><font face=\"宋体\">&nbsp;&nbsp;&nbsp;&nbsp;</font></span><span style=\"font-family: 仿宋_GB2312; font-size: 15pt;\">在培养优秀师资队伍的同时，学校还注重对学生的培养，重视养成教育，让每位学生学会求知，学会合作，学会做人。学校通过丰富的校园文化、班级文化和社团活动；通过开展&ldquo;专家进校园&rdquo;&ldquo;家校结合&rdquo;&ldquo;班主任道德大讲坛&rdquo;&ldquo;优秀毕业生秀&rdquo;&ldquo;教师进千家&rdquo;等活动，多角度培养学生肩负责任、胸怀理想的使命感和敢于质疑、勇于挑战、独立思考的创新精神。&nbsp;&nbsp; 本报记者 郭鹏</span></font></p>\r\n','2016-05-07 16:31:54',0),(33,4,1,'让孩子远离手足口病危害','<span style=\"font-family: 仿宋_GB2312; font-size: 15pt; line-height: 31pt; background-color: rgb(255, 255, 255);\">&nbsp; &nbsp;每年春夏季节都是手足口病的多发期。市疾控中心日前发布健康提示，提醒广大市民特别是幼儿家长，密切关注孩子身体状况，科学预防手足口病的发生和传播。</span>\r\n<p style=\"margin: 0px; padding: 0px; font-family: ????, Arial; font-size: 12px; line-height: 31pt; background-color: rgb(255, 255, 255);\">\r\n	<font color=\"#000000\"><span lang=\"EN-US\" style=\"font-size: 15pt;\"><font face=\"宋体\">&nbsp;&nbsp;&nbsp;&nbsp;</font></span><span style=\"font-family: 仿宋_GB2312; font-size: 15pt;\">市疾控中心流行病防治专家陆辉介绍，手足口病是肠道病毒引起的常见传染病之一，每年<span lang=\"EN-US\">4-7</span>月是该病的高发季节。得了手足口病，最典型表现是发热、口腔黏膜溃疡和特征性部位（手掌、足底和臀部）皮肤疱疹。患儿首先出现的症状多为低热，常伴有食欲减退，全身不适，咽喉痛，发热<span lang=\"EN-US\">1-2</span>天后出现口腔黏膜溃疡和皮疹。溃疡表现的过程为一开始是红斑，随后出水疱并发展为溃疡，患儿常因为疼痛而拒食。皮疹的过程为一开始斑丘疹，随后转为疱疹、皮疹，不痒。有的患儿也可只表现为皮疹或口腔溃疡，不发热。手足口病多数为自限性疾病，病人一般症状较轻，未经治疗<span lang=\"EN-US\">7-10</span>天可自愈，无需采取特殊治疗。只有极个别患者得病后可出现心肌炎、肺水肿、肺出血、无菌性脑膜炎等并发症，严重者可出现死亡。但如能及早发现尽早治疗，一般都可痊愈。<span lang=\"EN-US\"><o:p></o:p></span></span></font></p>\r\n<p style=\"margin: 0px; padding: 0px; font-family: ????, Arial; font-size: 12px; line-height: 31pt; background-color: rgb(255, 255, 255);\">\r\n	<font color=\"#000000\"><span lang=\"EN-US\" style=\"font-size: 15pt;\"><font face=\"宋体\">&nbsp;&nbsp;&nbsp;&nbsp;</font></span><span style=\"font-family: 仿宋_GB2312; font-size: 15pt;\">研究显示，手足口病病毒存在于感染者的粪便、呼吸道分泌物和疱疹液中。传播途径主要有：饮用或食用被病毒污染的水或食物；与感染者的近距离接触；此外，儿童接触到被病毒污染的毛巾、手绢、牙具、玩具、餐具等生活用品也可引起感染。<span lang=\"EN-US\"><o:p></o:p></span></span></font></p>\r\n<p style=\"margin: 0px; padding: 0px; font-family: ????, Arial; font-size: 12px; line-height: 31pt; background-color: rgb(255, 255, 255);\">\r\n	<font color=\"#000000\"><span lang=\"EN-US\" style=\"font-size: 15pt;\"><font face=\"宋体\">&nbsp;&nbsp;&nbsp;&nbsp;</font></span><span style=\"font-family: 仿宋_GB2312; font-size: 15pt;\">专家特别提醒，手足口病发病人群以<span lang=\"EN-US\">5</span>岁及以下儿童为主，同一儿童可因感染不同型肠道病毒而出现多次发病。由于免疫系统较完善，成人感染手足口病病毒一般不发病，也无任何症状，但感染后会传播病毒。因此，成人也需要做好防护，避免传染给孩子。<span lang=\"EN-US\"><o:p></o:p></span></span></font></p>\r\n<p style=\"margin: 0px; padding: 0px; font-family: ????, Arial; font-size: 12px; line-height: 31pt; background-color: rgb(255, 255, 255);\">\r\n	<font color=\"#000000\"><span lang=\"EN-US\" style=\"font-size: 15pt;\"><font face=\"宋体\">&nbsp;&nbsp;&nbsp;&nbsp;</font></span><span style=\"font-family: 仿宋_GB2312; font-size: 15pt;\">那么，家庭如何预防手足口病呢？疾控专家表示，目前手足口病尚无疫苗预防。良好的个人和环境卫生对于预防至关重要。可牢记<span lang=\"EN-US\">15</span>字口诀：&ldquo;洗净手、喝开水、吃熟食、勤通风、晒衣被&rdquo;。即注意家庭及周围环境卫生，讲究个人卫生。饭前便后、外出后要用肥皂或洗手液洗手；不喝生水，不吃生冷的食物；居室要经常通风、勤晒衣被。流行期间不要带孩子到人群密集、空气流通差的公共场所，避免接触患病儿童。流行期可每天晨起检查孩子皮肤<span lang=\"EN-US\">(</span>主要是手心、脚心<span lang=\"EN-US\">)</span>和口腔有没有异常，注意孩子体温的变化。<span lang=\"EN-US\"><o:p></o:p></span></span></font></p>\r\n<p style=\"margin: 0px; padding: 0px; font-family: ????, Arial; font-size: 12px; line-height: 31pt; background-color: rgb(255, 255, 255);\">\r\n	<font color=\"#000000\"><span lang=\"EN-US\" style=\"font-size: 15pt;\"><font face=\"宋体\">&nbsp;&nbsp;&nbsp;&nbsp;</font></span><span style=\"font-family: 仿宋_GB2312; font-size: 15pt;\">如果感染了手足口病，不要让孩子去幼儿园和人群聚集的公共场所，避免与其他孩子接触玩耍。一旦出现突然发高烧或神志不清、昏睡、肌肉或身体抽动、呼吸困难等，应立即送孩子到医院就诊。</span></font></p>\r\n','2016-05-07 16:32:42',0);

/*Table structure for table `t_article_comment` */

DROP TABLE IF EXISTS `t_article_comment`;

CREATE TABLE `t_article_comment` (
  `a_com_id` int(11) NOT NULL AUTO_INCREMENT COMMENT '主键',
  `a_com_art_id` int(11) NOT NULL COMMENT '文章id',
  `a_com_binding` int(11) NOT NULL DEFAULT '0' COMMENT '评论回复标志 0-评论 其他-回复',
  `a_com_sender_id` int(11) NOT NULL DEFAULT '-1' COMMENT '回复者id',
  `a_com_sender_mark` int(11) NOT NULL DEFAULT '0' COMMENT '0-学生 1-老师 2-游客',
  `a_com_content` varchar(250) NOT NULL DEFAULT '' COMMENT '回复内容',
  `a_com_time` datetime NOT NULL COMMENT '发布时间',
  PRIMARY KEY (`a_com_id`)
) ENGINE=InnoDB DEFAULT CHARSET=utf8;

/*Data for the table `t_article_comment` */

/*Table structure for table `t_article_type` */

DROP TABLE IF EXISTS `t_article_type`;

CREATE TABLE `t_article_type` (
  `a_type_id` int(11) NOT NULL AUTO_INCREMENT,
  `a_type_name` varchar(50) NOT NULL DEFAULT '',
  `a_type_des` varchar(250) NOT NULL DEFAULT '',
  PRIMARY KEY (`a_type_id`)
) ENGINE=InnoDB AUTO_INCREMENT=8 DEFAULT CHARSET=utf8;

/*Data for the table `t_article_type` */

insert  into `t_article_type`(`a_type_id`,`a_type_name`,`a_type_des`) values (4,'名人谈家教','名人的示例'),(5,'父母心声',''),(6,'孩子心声',''),(7,'亲子互动','');

/*Table structure for table `t_class` */

DROP TABLE IF EXISTS `t_class`;

CREATE TABLE `t_class` (
  `cla_id` int(11) NOT NULL AUTO_INCREMENT COMMENT '主键',
  `cla_grade` enum('1','2','3') NOT NULL DEFAULT '1' COMMENT '年级 1-初一 2-初二 3-初三',
  `cla_class_num` int(11) NOT NULL DEFAULT '0' COMMENT '班级个数',
  PRIMARY KEY (`cla_id`)
) ENGINE=InnoDB AUTO_INCREMENT=4 DEFAULT CHARSET=utf8;

/*Data for the table `t_class` */

insert  into `t_class`(`cla_id`,`cla_grade`,`cla_class_num`) values (1,'1',15),(2,'2',10),(3,'3',10);

/*Table structure for table `t_coltopic` */

DROP TABLE IF EXISTS `t_coltopic`;

CREATE TABLE `t_coltopic` (
  `col_id` int(11) NOT NULL AUTO_INCREMENT COMMENT '主键',
  `col_user_id` int(11) NOT NULL COMMENT '记录收藏者的序号',
  `col_user_enum` bit(1) NOT NULL DEFAULT b'0' COMMENT '标志用户的身份 0-学生 1-老师',
  `col_topic_id` int(11) NOT NULL COMMENT '话题的序号,链接具体话题内容的数据表',
  PRIMARY KEY (`col_id`)
) ENGINE=InnoDB AUTO_INCREMENT=41 DEFAULT CHARSET=utf8;

/*Data for the table `t_coltopic` */

insert  into `t_coltopic`(`col_id`,`col_user_id`,`col_user_enum`,`col_topic_id`) values (28,374,'\0',39),(29,374,'\0',40),(31,369,'\0',43),(32,373,'\0',45),(33,373,'\0',46),(34,373,'\0',47),(35,1,'',55),(36,1,'',5001),(37,1,'',5002),(38,1,'',5004),(39,1,'',5006),(40,1,'',54);

/*Table structure for table `t_comment` */

DROP TABLE IF EXISTS `t_comment`;

CREATE TABLE `t_comment` (
  `com_id` int(11) NOT NULL AUTO_INCREMENT COMMENT '主键',
  `com_topic_id` int(11) NOT NULL COMMENT '记录话题id',
  `com_binding` int(11) NOT NULL DEFAULT '0' COMMENT '0-话题 1-评论',
  `com_con` varchar(200) NOT NULL DEFAULT '' COMMENT '对该话题的回复内容',
  `com_user_id` int(11) NOT NULL COMMENT '发评论者id',
  `com_user_enum` bit(1) NOT NULL DEFAULT b'0' COMMENT '0-学生 1-老师',
  `com_time` datetime NOT NULL COMMENT '记录回复的时间',
  `com_best` bit(1) NOT NULL DEFAULT b'0' COMMENT '0-不是最佳回复 1-是',
  `com_has_read` bit(1) NOT NULL DEFAULT b'0' COMMENT '0-未读 1-已读',
  `com_receiver_id` int(11) NOT NULL,
  `com_receiver_type` bit(1) NOT NULL DEFAULT b'0',
  PRIMARY KEY (`com_id`),
  KEY `bind` (`com_binding`)
) ENGINE=InnoDB AUTO_INCREMENT=114 DEFAULT CHARSET=utf8;

/*Data for the table `t_comment` */

insert  into `t_comment`(`com_id`,`com_topic_id`,`com_binding`,`com_con`,`com_user_id`,`com_user_enum`,`com_time`,`com_best`,`com_has_read`,`com_receiver_id`,`com_receiver_type`) values (85,43,0,'AGADFAS',1,'','2016-05-06 18:47:18','\0','\0',369,'\0'),(86,43,0,'DSADSADA',1,'','2016-05-06 18:47:22','\0','\0',369,'\0'),(87,52,0,'啊啊啊啊啊啊啊啊啊啊啊啊啊啊啊啊阿啊啊啊啊啊啊啊啊啊啊啊',1,'','2016-05-06 18:49:40','\0','\0',1,''),(88,52,0,'啊啊啊啊啊啊啊啊啊啊啊啊啊啊啊啊啊啊啊啊啊啊啊啊啊啊啊啊啊啊啊啊啊啊啊啊啊啊啊啊啊啊啊啊啊啊啊啊啊啊啊啊啊啊啊啊啊啊啊啊啊啊啊啊啊啊啊啊啊啊啊啊啊啊啊啊啊啊啊啊啊啊啊啊啊啊啊啊啊啊啊啊啊啊啊啊啊啊啊啊啊啊啊啊啊啊啊啊啊啊啊啊啊啊啊啊啊啊啊啊啊啊啊啊啊啊啊啊啊啊啊啊啊啊啊啊啊啊啊啊啊啊啊啊啊啊啊啊啊啊',1,'','2016-05-06 18:49:47','\0','\0',1,''),(89,55,0,'OSX + Atom + WAMP + PS + Chrome',386,'\0','2016-05-07 14:18:29','\0','\0',369,'\0'),(90,55,0,'Hbulider',387,'\0','2016-05-07 14:18:42','\0','\0',369,'\0'),(91,55,0,'开发软件一个dreamweaver cs5破解版，一个webstorm就OK，浏览器一个火狐，谷歌，IE其实就可以了，根据个人喜好！\r\n为什么要两个编辑器呢，因为有时候你有一个小效果要调试好之后放到正在开发的网页中，如果网页内容太多，这样在一起有一点麻烦，所以用另一个打开弄好后copy进去，省事多了',386,'\0','2016-05-07 14:19:00','\0','\0',369,'\0'),(92,55,0,'操作系统：win7,编辑器：sublime/brackets/dreamweaver,浏览器：火狐/chrome/ie/safri/360 ',389,'\0','2016-05-07 14:20:07','\0','\0',369,'\0'),(93,55,0,'sublime koala ',388,'\0','2016-05-07 14:20:26','\0','\0',369,'\0'),(94,55,0,'Hbilder',390,'\0','2016-05-07 14:20:32','\0','\0',369,'\0'),(95,55,0,'Visual Studio',391,'\0','2016-05-07 14:20:37','\0','\0',369,'\0'),(96,55,0,'sublime',392,'\0','2016-05-07 14:20:42','\0','\0',369,'\0'),(97,57,0,'我只能说还行吧！看你学的如何了，技术好不好，技术好，工作肯定没问题，要是从大学出来，你只会书本的东西，那就难说了！学历也很重要',393,'\0','2016-05-07 14:25:45','\0','\0',370,'\0'),(98,57,0,'在招聘的时候，肯定还是优先考虑本科以上的学历。当然你要觉得你技术杠杠的，那就可以投进去，很多都已经放开条件，专科以上的都行',384,'\0','2016-05-07 14:25:51','\0','\0',370,'\0'),(99,57,0,'以经验来看，如果是刚毕业，大型公司比较注重学历，这个敲门砖还是有点分量的，甚至跟你的基本工资、以后加薪挂钩，刚出去，如果不是混过去的，技术其实都是差不了多少的，那就考验态度和学习能力了，菜鸟先飞，自发加班吧，技术搞起来，有经验后就不怕了！所以现在还是把基础打牢，技术搞过硬吧！',386,'\0','2016-05-07 14:26:00','\0','\0',370,'\0'),(100,57,0,'我蛮幸运的，没面试过，直接从打杂的到web前端开发，打杂有4年，然后开始做web前端。一直在同一家公司。 都是自学的！靠的是慕课还有妙味VIP！',398,'\0','2016-05-07 14:26:05','\0','\0',370,'\0'),(101,57,0,'技术和工作经验最重要',400,'\0','2016-05-07 14:26:16','\0','\0',370,'\0'),(102,57,0,'汗，都是人，都差不多，工作主要面向普通人还是天才的。偶然发现很多程序书都写着；\r\nxx初学者\r\n\r\n想全面学习xx语言的开发人员\r\n\r\n大中专院校学生\r\n\r\n社会培训人员。',411,'\0','2016-05-07 14:26:21','\0','\0',370,'\0'),(103,57,0,'其实读专科能学到技术，也不比本科的差，企业看中的是你的技能能不能满足他的需求',412,'\0','2016-05-07 14:26:32','\0','\0',370,'\0'),(104,57,0,'先好好去学好基础的，不要去探究这个。等你自己去找一切都知道了',4,'','2016-05-07 14:26:39','\0','\0',370,'\0'),(105,57,0,'慕课网里我下载到我得导入MYeclipse里出现中文乱码？怎么办',5,'','2016-05-07 14:26:45','\0','\0',370,'\0'),(106,57,0,'现在不注重学历的',6,'','2016-05-07 14:26:51','\0','\0',370,'\0'),(107,58,0,'初学者用疯狂Java讲义，或者Java核心技术，或者head first系列，提高可以看看think in Java。',7,'','2016-05-07 14:29:50','\0','\0',369,'\0'),(108,58,0,'最经典的还是Think in Java吧',8,'','2016-05-07 14:29:56','\0','\0',369,'\0'),(109,58,0,'还是看Java核心卷好了，推荐的书很多，最重要的还是练习啊。',9,'','2016-05-07 14:30:03','\0','\0',369,'\0'),(110,59,0,'实战课程刚出了PHP的专场啊，看下就都清楚啦',10,'','2016-05-07 14:33:14','\0','\0',370,'\0'),(111,59,0,'实在不知道怎么学就跟着慕课网PHP学习计划学下吧。',11,'','2016-05-07 14:33:19','\0','\0',370,'\0'),(112,59,0,'前期 重点在函数    然后就是数据库的 增 删 改 查   后期就高级点了  ',12,'','2016-05-07 14:33:25','\0','\0',370,'\0'),(113,59,0,'编辑器+搭环境+html+css+js+jquery+mysql+ajax+php 自己百度一些php实现的功能 看不懂的地方就百度 看懂了自己再写写。',13,'','2016-05-07 14:35:36','\0','\0',370,'\0');

/*Table structure for table `t_cou_chapter` */

DROP TABLE IF EXISTS `t_cou_chapter`;

CREATE TABLE `t_cou_chapter` (
  `cha_id` int(11) NOT NULL AUTO_INCREMENT COMMENT '主键',
  `cou_id` int(11) NOT NULL COMMENT '课程id',
  `cha_number` int(5) NOT NULL COMMENT '章节序号',
  `cha_name` varchar(50) NOT NULL DEFAULT '' COMMENT '章名',
  `cha_intro` varchar(400) NOT NULL DEFAULT '' COMMENT '章介绍',
  PRIMARY KEY (`cha_id`)
) ENGINE=InnoDB AUTO_INCREMENT=200 DEFAULT CHARSET=utf8;

/*Data for the table `t_cou_chapter` */

insert  into `t_cou_chapter`(`cha_id`,`cou_id`,`cha_number`,`cha_name`,`cha_intro`) values (38,22,1,'Java初体验',''),(39,22,2,'变量和常量',''),(40,22,3,'常用的运算符',''),(41,22,4,'流程控制语句',''),(42,27,5,'阶段练习',''),(43,40,6,'数组',''),(44,22,7,'方法',''),(45,25,8,'编程挑战',''),(46,23,1,'基本工具',''),(47,23,2,'选择与变形',''),(48,23,3,'色彩调整',''),(49,24,1,'初始C程序',''),(50,24,2,'C中数据类型',''),(51,24,3,'C中的运算符',''),(52,24,4,'C程序结构语句',''),(53,24,5,'函数的秘密',''),(54,40,6,'数组',''),(55,25,1,'请做好准备',''),(56,25,2,'请和我互动（常用互动方法）',''),(57,25,3,'你也有控制权（DOM操作）',''),(58,25,4,'编程挑战',''),(59,26,1,'欢迎学习 PHP!',''),(60,26,2,'WAMPServer集成环境安装',''),(61,26,3,'变量',''),(62,26,4,'常量',''),(63,26,5,'PHP中常用的运算符',''),(64,26,6,'语言结构语句',''),(65,26,7,'PHP开发工具之Zend Studio',''),(66,27,1,'类和对象',''),(67,27,2,'封装',''),(68,27,3,'继承',''),(69,27,4,'多态',''),(70,27,5,'阶段练习',''),(71,27,6,'项目实战',''),(72,28,1,'ps基础知识',''),(73,28,2,'工具的基础使用（上）',''),(74,28,3,'工具的基础使用（中）',''),(75,28,4,'工具的基础使用（下）',''),(76,28,5,'图层基础和操作技巧',''),(77,29,1,'搭建Android开发环境',''),(78,29,2,'Android项目结构介绍',''),(79,29,3,'在界面中显示以及输入文本信息',''),(80,29,4,'在界面中显示图片',''),(81,29,5,'认识按钮Button以及ImageButton',''),(82,29,6,'监听按钮的点击事件',''),(83,29,7,'挑战！难度略高，胆小慎入！',''),(84,29,8,'实现动态自动匹配输入的内容',''),(85,29,9,'使用多状态按钮ToggleButton',''),(86,29,10,' 使用CheckBox实现多选效果',''),(87,29,11,' 使用RadioGroup与RadioButton实现单选效果',''),(88,29,12,' 五布局之线性布局LinearLayout',''),(89,29,13,' 五布局之相对布局RelativeLayout',''),(90,29,14,' 五布局之帧布局FrameLayout',''),(91,29,15,' 五布局之绝对布局AbsoluteLayout',''),(92,29,16,' 五布局之表格布局TableLayout',''),(93,29,17,' 认识“老朋友”Activity',''),(94,29,18,' 使用Intent实现页面跳转',''),(95,29,19,' App签名打包',''),(96,29,20,' 使用SDK开发文档',''),(97,29,21,' 综合练习—制作简易计算器',''),(98,30,1,'系好安全带,准备启航',''),(99,30,2,'你要懂的规则(JS基础语法)',''),(100,30,3,'一起组团(数组)',''),(101,30,4,'跟着我的节奏走(流程控制语句)',''),(102,30,5,'小程序，大作用（函数）',''),(103,30,6,'事件响应，让网页交互',''),(104,30,7,'JavaScript内置对象',''),(105,30,8,'浏览器对象',''),(106,30,9,'DOM对象，控制HTML元素',''),(107,30,10,' 编程挑战',''),(108,31,1,'Linux简介',''),(109,31,2,'Linux系统安装',''),(110,31,3,'命令基本格式及文件处理命令',''),(111,31,4,'文件搜索命令',''),(112,31,5,'帮助命令',''),(113,31,6,'压缩命令',''),(114,31,7,'关机与重启命令',''),(115,31,8,'其他常用命令',''),(116,31,9,'Shell基础',''),(117,32,1,'课程介绍',''),(118,32,2,'安装Python',''),(119,32,3,'Python变量和数据类型',''),(120,32,4,'List和Tuple类型',''),(121,32,5,'条件判断和循环',''),(122,32,6,'Dict和Set类型',''),(123,32,7,'函数',''),(124,32,8,'切片',''),(125,32,9,'迭代',''),(126,32,10,' 列表生成式',''),(127,33,1,'初识jQuery （站在巨人的肩膀上）',''),(128,33,2,'jQuery 基础选择器',''),(129,33,3,'jQuery过滤性选择器',''),(130,33,4,'jQuery表单选择器',''),(131,33,5,'jQuery 操作DOM元素',''),(132,33,6,'jQuery 事件与应用',''),(133,33,7,'jQuery 动画特效',''),(134,33,8,'jQuery 实现Ajax应用',''),(135,33,9,'jQuery 常用插件',''),(136,33,10,' jQuery UI型插件',''),(137,33,11,' jQuery 工具类函数',''),(138,33,12,' jQuery在线聊天室',''),(139,34,1,'异常与异常处理',''),(140,34,2,'认识 Java 中的字符串',''),(141,34,3,'Java 中必须了解的常用类',''),(142,34,4,'Java 中的集合框架（上）',''),(143,34,5,'Java 中的集合框架（中）',''),(144,34,6,'Java 中的集合框架（下）',''),(145,34,7,'综合实战',''),(146,35,1,'初涉MySQL',''),(147,35,2,'数据类型与操作数据表',''),(148,35,3,'约束以及修改数据表',''),(149,35,4,'操作数据表中的记录',''),(150,35,5,'子查询与连接',''),(151,35,6,'运算符和函数',''),(152,35,7,'自定义函数',''),(153,35,8,'MySQL存储过程',''),(154,35,9,'MySQL存储引擎',''),(155,35,10,' MySQL图形化管理工具',''),(156,36,1,'Bootstrap简介',''),(157,36,2,'排版',''),(158,36,3,'表单',''),(159,36,4,'网格系统',''),(160,36,5,'菜单、按钮及导航',''),(161,36,6,'导航条、分页导航',''),(162,36,7,'其它内置组件',''),(163,36,8,'Bootstrap支持的JavaScript插件',''),(164,37,1,'课程简介',''),(165,37,2,'自动居中一列布局',''),(166,37,3,'横向两列布局',''),(167,37,4,'绝对定位布局',''),(168,37,5,'挑战编程',''),(169,38,1,'简介及站点管理',''),(170,38,2,'工作区概述及预览设置',''),(171,38,3,'首选参数的设置',''),(172,38,4,'关联标签及常用工具介绍',''),(173,38,5,'智能提示功能',''),(174,38,6,'设计窗口功能介绍',''),(175,38,7,'W3C验证及浏览器兼容性',''),(176,38,8,'CSS面板',''),(177,38,9,'属性面板和文件面板',''),(178,39,1,'初识CSS3',''),(179,39,2,'边框',''),(180,39,3,'颜色相关',''),(181,39,4,'文字与字体',''),(182,39,5,'与背景相关的样式',''),(183,39,6,'征服CSS3选择器（上）',''),(184,39,7,'征服CSS3选择器（下）',''),(185,39,8,'CSS3中的变形与动画（上）',''),(186,39,9,'CSS3中的变形与动画（下）',''),(187,39,10,' 布局样式相关',''),(188,39,11,' Media Queries 与Responsive 设计',''),(189,39,12,' 用户界面与其它重要属性',''),(190,40,1,'数据类型',''),(191,40,2,'表达式和运算符',''),(192,40,3,'语句',''),(193,40,4,'对象',''),(194,40,5,'数组',''),(195,40,6,'函数和作用域（函数、this）',''),(196,40,7,'函数和作用域（闭包、作用域）',''),(197,40,8,'OOP（上）',''),(198,40,9,'OOP（下）',''),(199,40,10,' 正则与模式匹配','');

/*Table structure for table `t_cou_recommend` */

DROP TABLE IF EXISTS `t_cou_recommend`;

CREATE TABLE `t_cou_recommend` (
  `rec_id` int(11) NOT NULL AUTO_INCREMENT COMMENT '主键',
  `cou_id` int(11) NOT NULL COMMENT '被推荐课程id',
  `rec_grade` enum('1','2','3','4') NOT NULL DEFAULT '1' COMMENT '被推荐年级1-初一 2-初二 3-初三',
  PRIMARY KEY (`rec_id`),
  UNIQUE KEY `UNIQUE` (`cou_id`)
) ENGINE=InnoDB AUTO_INCREMENT=28 DEFAULT CHARSET=utf8;

/*Data for the table `t_cou_recommend` */

insert  into `t_cou_recommend`(`rec_id`,`cou_id`,`rec_grade`) values (11,30,'1'),(12,42,'1'),(13,41,'1'),(14,40,'1'),(15,39,'1'),(16,38,'1'),(17,36,'1'),(18,35,'1'),(19,34,'1'),(20,33,'1'),(21,32,'2'),(22,31,'2'),(23,29,'1'),(24,37,'1'),(26,25,'1'),(27,26,'1');

/*Table structure for table `t_cou_section` */

DROP TABLE IF EXISTS `t_cou_section`;

CREATE TABLE `t_cou_section` (
  `sec_id` int(11) NOT NULL AUTO_INCREMENT COMMENT '主键',
  `cha_id` int(11) NOT NULL DEFAULT '0' COMMENT '课程章id',
  `sec_number` varchar(5) NOT NULL DEFAULT '0' COMMENT '课时序号',
  `sec_video_url` varchar(150) NOT NULL DEFAULT '' COMMENT '视频url',
  `sec_name` varchar(100) NOT NULL DEFAULT '' COMMENT '节名',
  PRIMARY KEY (`sec_id`)
) ENGINE=InnoDB AUTO_INCREMENT=1584 DEFAULT CHARSET=utf8;

/*Data for the table `t_cou_section` */

insert  into `t_cou_section`(`sec_id`,`cha_id`,`sec_number`,`sec_video_url`,`sec_name`) values (253,38,'1','ocs3p05j9.bkt.clouddn.com/327abb1de62-67d7-45fc-ab93-84f492e4f1e3.m3u8','Java简介 (05:49)'),(254,38,'2','ocs3p05j9.bkt.clouddn.com/25412626b8a-7d61-456d-b9dc-a1a516b96df6.m3u8','Java开发环境搭建 (07:30)'),(255,38,'3','ocs3p05j9.bkt.clouddn.com/255c60787de-76d8-45bb-ae32-a2fa0c35d16b.m3u8','使用记事本编写Java程序 (07:00)'),(256,173,'4','','练习题'),(257,38,'5','ocs3p05j9.bkt.clouddn.com/257981e0ded-ac19-4191-8f11-b1a9570502b6.m3u8','使用Eclipse开发Java程序 (08:59)'),(258,38,'6','','MyEclipse的使用简介 (03:53)'),(259,173,'7','','练习题'),(260,38,'8','','程序的移植 (03:08)'),(261,38,'9','','经验技巧分享 (01:52)'),(262,135,'10','',' 练习题'),(263,39,'1','','Java中的关键字'),(264,39,'2','','认识Java标识符'),(265,173,'3','','练习题'),(266,39,'4','','变量是什么'),(267,39,'5','','如何命名Java变量'),(268,39,'6','','Java中的数据类型'),(269,39,'7','','Java中变量的使用规则'),(270,173,'8','','练习题'),(271,39,'9','','Java中的自动类型转换'),(272,39,'10','',' Java中的强制类型转换'),(273,39,'11','',' Java常量的应用'),(274,39,'12','',' 如何在Java中使用注释'),(275,135,'13','',' 练习题'),(276,63,'1','','什么是运算符'),(277,40,'2','','Java中的算术运算符'),(278,40,'3','','Java中的赋值运算符'),(279,40,'4','','Java中的比较运算符'),(280,40,'5','','Java中的逻辑运算符'),(281,173,'6','','练习题'),(282,40,'7','','Java中的条件运算符'),(283,40,'8','','Java中运算符的优先级'),(284,173,'9','','练习题'),(285,135,'10','',' 练习题'),(286,41,'1','','Java条件语句之 if '),(287,41,'2','','Java条件语句之 if...else'),(288,41,'3','','Java条件语句之多重 if '),(289,41,'4','','Java条件语句之嵌套 if '),(290,173,'5','','练习题'),(291,41,'6','','Java条件语句之 switch'),(292,41,'7','','Java循环语句之 while'),(293,41,'8','','Java循环语句之 do...while'),(294,41,'9','','Java循环语句之 for'),(295,135,'10','',' 练习题'),(296,41,'11','',' Java循环跳转语句之 break '),(297,41,'12','',' Java循环跳转语句之 continue'),(298,135,'13','',' 练习题'),(299,41,'14','',' Java 循环语句之多重循环'),(300,134,'15','',' 编程练习'),(301,190,'1','','编程练习'),(302,42,'2','','编程练习解析 (04:40)'),(303,42,'3','','编程练习优化 (06:10)'),(304,42,'4','','使用Eclipse调试程序 (05:39)'),(305,42,'5','','进阶练习 (11:40)'),(306,43,'1','','什么是数组'),(307,173,'2','','练习题'),(308,43,'3','','如何使用 Java 中的数组'),(309,173,'4','','练习题'),(310,43,'5','','使用循环操作 Java 中的数组'),(311,190,'6','','编程练习'),(312,43,'7','','使用 Arrays 类操作 Java 中的数组'),(313,43,'8','','使用 foreach 操作数组'),(314,43,'9','','Java 中的二维数组'),(315,135,'10','',' 练习题'),(316,44,'1','','如何定义 Java 中的方法'),(317,44,'2','','Java 中无参无返回值方法的使用'),(318,44,'3','','Java 中无参带返回值方法的使用'),(319,190,'4','','编程练习'),(320,44,'5','','Java 中带参无返回值方法的使用'),(321,44,'6','','Java 中带参带返回值方法的使用'),(322,173,'7','','练习题'),(323,44,'8','','Java 中方法的重载'),(324,190,'9','','编程练习'),(325,135,'10','',' 练习题'),(326,190,'1','','编程练习'),(327,46,'1','ocs3p05j9.bkt.clouddn.com/327abb1de62-67d7-45fc-ab93-84f492e4f1e3.m3u8','窗口菜单 (11:54)'),(328,46,'2','','视图菜单 (08:59)'),(329,46,'3','','设置图像、画布的大小 (15:56)'),(330,46,'4','','图像的旋转和翻转 (05:30)'),(331,46,'5','','图像的裁剪 (10:34)'),(332,46,'6','','多张图片的拼合 (15:19)'),(333,46,'7','','基础的选区工具 (25:12)'),(334,46,'8','','选区的加加减减 (10:38)'),(335,46,'9','','套出一个选区来 (13:20)'),(336,46,'10','',' 神奇的魔术棒 (15:31)'),(337,47,'1','','羽化 (20:21)'),(338,47,'2','','选区的综合练习 (17:22)'),(339,47,'3','','图片合成 (15:39)'),(340,47,'4','','选区的描边与填充 (16:10)'),(341,47,'5','','图像的变形 (25:34)'),(342,47,'6','','螺旋结构 (10:30)'),(343,47,'7','','选区操作 (18:48)'),(344,47,'8','','色板 (13:13)'),(345,47,'9','','图案 (28:43)'),(346,47,'10','',' 渐变 (31:15)'),(347,48,'1','','直方图 (24:19)'),(348,48,'2','','色阶基础 (21:48)'),(349,48,'3','','色阶上色 (30:20)'),(350,48,'4','','曲线 (26:04)'),(351,48,'5','','曲线上色 (38:44)'),(352,48,'6','','其他色彩命令 (20:14)'),(353,48,'7','','匹配颜色 (12:05)'),(354,48,'8','','渐变映射 (10:05)'),(355,48,'9','','阈值 (11:49)'),(356,48,'10','',' Lab颜色调整 (58:19)'),(357,49,'1','','初始C语言'),(358,49,'2','','C程序结构'),(359,173,'3','','练习题'),(360,49,'4','','必不可少之主函数'),(361,49,'5','','良好习惯之规范'),(362,49,'6','','程序解释——注释'),(363,50,'1','','有名有姓的C'),(364,173,'2','','练习题'),(365,50,'3','','变量及赋值'),(366,50,'4','','基本数据类型'),(367,50,'5','','格式化输出语句'),(368,173,'6','','练习题'),(369,50,'7','','不可改变的常量'),(370,50,'8','','自动类型转换'),(371,50,'9','','强制类型转换'),(372,51,'1','','运算符号是啥'),(373,51,'2','','算术运算符'),(374,51,'3','','自增与自减运算符'),(375,173,'4','','练习题'),(376,51,'5','','赋值运算符'),(377,51,'6','','关系运算符'),(378,51,'7','','逻辑运算符'),(379,173,'8','','练习题'),(380,51,'9','','三目运算符'),(381,51,'10','',' 运算符大比拼之优先级比较'),(382,52,'1','','分支结构之简单if语句'),(383,52,'2','','分支结构之简单if-else语句'),(384,52,'3','','分支结构之多重if-else语句'),(385,52,'4','','分支结构之嵌套if-else语句'),(386,173,'5','','练习题'),(387,52,'6','','循环结构之while循环'),(388,52,'7','','循环结构之do-while循环'),(389,52,'8','','循环结构之for循环(一)'),(390,52,'9','','循环结构之for循环(二)'),(391,52,'10','',' 循环结构之三种循环比较'),(392,135,'11','',' 练习题'),(393,52,'12','',' 循环结构之多重循环'),(394,52,'13','',' 使用for循环打印9×9乘法表'),(395,52,'14','',' 结束语句之break语句'),(396,52,'15','',' 结束语句之continue语句'),(397,52,'16','',' 分支结构之switch语句'),(398,52,'17','',' switch与if语句的应用'),(399,135,'18','',' 练习题'),(400,52,'19','',' 臭名远扬之goto语句'),(401,53,'1','','自创函数'),(402,102,'2','','函数调用'),(403,53,'3','','有参与无参'),(404,53,'4','','形参与实参'),(405,53,'5','','函数的返回值'),(406,173,'6','','练习题'),(407,53,'7','','递归函数（一）'),(408,53,'8','','递归函数（二）'),(409,53,'9','','递归函数练习'),(410,53,'10','',' 局部与全局'),(411,53,'11','',' 变量存储类别'),(412,135,'12','',' 练习题'),(413,53,'13','',' 内部函数与外部函数'),(414,43,'14','',' 综合练习'),(415,43,'1','','数组初体验'),(416,43,'2','','数组的遍历'),(417,173,'3','','练习题'),(418,43,'4','','数组作为函数参数'),(419,43,'5','','数组的应用（一）'),(420,43,'6','','数组的应用（二）'),(421,43,'7','','字符串与数组'),(422,43,'8','','字符串函数'),(423,43,'9','','多维数组'),(424,135,'10','',' 练习题'),(425,43,'11','',' 多维数组的遍历'),(426,43,'12','',' 综合练习'),(427,55,'1','','为什么学习JavaScript'),(428,55,'2','','新朋友你在哪里（如何插入JS）'),(429,55,'3','','我也可以独立（引用JS外部文件）'),(430,55,'4','','找到你的位置（JS在页面中的位置）'),(431,55,'5','','认识语句和符号'),(432,55,'6','','注释很重要'),(433,119,'7','','什么是变量'),(434,55,'8','','判断语句（if...else）'),(435,123,'9','','什么是函数'),(436,56,'1','','输出内容（document.write）'),(437,56,'2','','警告（alert 消息对话框）'),(438,56,'3','','确认（confirm 消息对话框）'),(439,56,'4','','提问（prompt 消息对话框）'),(440,56,'5','','打开新窗口（window.open）'),(441,56,'6','','关闭窗口（window.close）'),(442,190,'7','','编程练习'),(443,106,'1','','认识DOM'),(444,57,'2','','通过ID获取元素'),(445,57,'3','','innerHTML 属性'),(446,57,'4','','改变 HTML 样式'),(447,57,'5','','显示和隐藏（display属性）'),(448,57,'6','','控制类名（className 属性）'),(449,168,'1','','编程挑战'),(450,59,'1','','PHP可以做什么？'),(451,59,'2','','认识PHP代码标识'),(452,59,'3','','Echo语句'),(453,59,'4','','计算表达式'),(454,59,'5','','字符串'),(455,59,'6','','PHP语句结束符'),(456,119,'7','','注释'),(457,60,'1','','WAMPServer集成环境下载和安装 (04:30)'),(458,60,'2','','WAMPServer服务控制面板介绍 (05:47)'),(459,60,'3','','自定义网站根目录 (07:27)'),(460,60,'4','','WAMPServer多站点配置 (10:20)'),(461,60,'5','','WAMPServer自拟定端口号 (03:24)'),(462,119,'1','','什么是变量'),(463,61,'2','','如何定义变量'),(464,61,'3','','变量名的命名规则'),(465,61,'4','','什么是变量的数据类型'),(466,61,'5','','PHP变量的数据类型'),(467,61,'6','','标量类型—布尔类型'),(468,61,'7','','标量类型—整型'),(469,61,'8','','标量类型—浮点型'),(470,61,'9','','标量类型—字符串（1）'),(471,61,'10','',' 标量类型—字符串（2）'),(472,61,'11','',' 标量类型—字符串（3）'),(473,61,'12','',' 标量类型—字符串（4）'),(474,61,'13','',' 第一种特殊类型—资源'),(475,61,'14','',' 第二种特殊类型—空类型'),(476,62,'1','','什么是常量'),(477,62,'2','','常量的作用'),(478,62,'3','','认识一下系统常量'),(479,62,'4','','常量如何取值'),(480,62,'5','','如何判定常量是否被定义'),(481,63,'1','','什么是运算符'),(482,63,'2','','PHP中的算术运算符'),(483,63,'3','','PHP中的赋值运算符'),(484,63,'4','','PHP中的比较运算符'),(485,63,'5','','PHP中的三元运算符'),(486,63,'6','','PHP中的逻辑运算符'),(487,63,'7','','PHP中的字符串连接运算符'),(488,63,'8','','PHP中的错误控制运算符'),(489,63,'9','','PHP中的算术运算符（2）'),(490,64,'1','','顺序结构'),(491,64,'2','','条件结构之if…else…'),(492,64,'3','','条件结构之if…else if…'),(493,64,'4','','条件结构之if…else if…else…'),(494,64,'5','','条件结构之switch…case…'),(495,64,'6','','条件结构之switch…case…中的break'),(496,64,'7','','PHP中循环结构之while循环语句'),(497,64,'8','','PHP中循环结构之do while循环语句'),(498,64,'9','','PHP中循环结构之while与do…while语句的区别'),(499,64,'10','',' PHP中循环结构之do…while语句的运用优势举例'),(500,64,'11','',' PHP中循环结构之for循环语句'),(501,64,'12','',' PHP中循环结构之foreach循环语句(任务一)'),(502,64,'13','',' PHP中循环结构之foreach循环语句(任务二)'),(503,64,'14','',' PHP中结构嵌套之条件嵌套'),(504,64,'15','',' PHP中结构嵌套之循环嵌套'),(505,64,'16','',' PHP中结构嵌套之循环结构与条件结构嵌套'),(506,65,'1','','Zend Studio的安装 (05:02)'),(507,65,'2','','创建一个PHP项目 (07:13)'),(508,65,'3','','复制、移动和注释代码 (04:53)'),(509,65,'4','','代码提示助手 (03:23)'),(510,65,'5','','搜索和替换 (02:18)'),(511,65,'6','','全文检索 (02:43)'),(512,65,'7','','代码格式化 (02:58)'),(513,65,'8','','查看快捷键列表并修改快捷键 (02:19)'),(514,65,'9','','outline大纲功能 (07:01)'),(515,65,'10','',' 查看错误信息 (02:32)'),(516,65,'11','',' 代码调试功能 (08:04)'),(517,65,'12','',' 文件自动上传功能 (04:33)'),(518,65,'13','',' SVN插件的使用 (09:27)'),(519,65,'14','',' Emmet插件的使用 (07:51)'),(520,66,'1','','什么是类和对象 (07:36)'),(521,66,'2','','如何定义 Java 中的类 (07:18)'),(522,66,'3','','如何使用 Java 中的对象 (04:45)'),(523,173,'4','','练习题'),(524,66,'5','','Java 中的成员变量和局部变量 (07:13)'),(525,66,'6','','Java 中的构造方法 (11:01)'),(526,66,'7','','Java 中的 static 使用之静态变量'),(527,173,'8','','练习题'),(528,66,'9','','Java 中的 static 使用之静态方法'),(529,66,'10','',' Java 中的 static 使用之静态初始化块'),(530,67,'1','','什么是 Java 中的封装 (05:53)'),(531,67,'2','','使用包管理 Java 中的类 (06:45)'),(532,67,'3','','Java 中的访问修饰符 (04:48)'),(533,67,'4','','Java 中的 this 关键字 (02:50)'),(534,67,'5','','什么是 Java 中的内部类'),(535,67,'6','','Java 中的成员内部类'),(536,67,'7','','Java 中的静态内部类'),(537,67,'8','','Java 中的方法内部类'),(538,173,'9','','练习题'),(539,68,'1','','Java 中的继承 (06:28)'),(540,68,'2','','Java 中的方法重写 (02:25)'),(541,173,'3','','练习题'),(542,68,'4','','Java 中的继承初始化顺序 (04:45)'),(543,68,'5','','Java 中的 final 的使用 (05:11)'),(544,173,'6','','练习题'),(545,68,'7','','Java 中的 super 的使用 (07:18)'),(546,68,'8','','Java 中的 Object 类 Ⅰ (04:02)'),(547,68,'9','','Java 中的 Object 类 Ⅱ (10:46)'),(548,135,'10','',' 练习题'),(549,69,'1','','Java 中的多态 (09:27)'),(550,69,'2','','多态中的引用类型转换 (08:20)'),(551,69,'3','','Java  中的抽象类 (07:03)'),(552,173,'4','','练习题'),(553,69,'5','','Java 中的接口 (13:04)'),(554,173,'6','','练习题'),(555,69,'7','','UML 简介 (15:48)'),(556,42,'1','','阶段练习 (02:17)'),(557,42,'2','','代码实现 (08:20)'),(558,71,'1','','综合练习 (09:07)'),(559,71,'2','','项目问题解析 1 (03:01)'),(560,72,'1','','photoshop简介 (12:06)'),(561,72,'2','','操作界面与调整 (08:25)'),(562,72,'3','','查找与编辑图像 (05:51)'),(563,72,'4','','点阵图和矢量图 (03:36)'),(564,72,'5','','光与色的基础知识 (18:12)'),(565,72,'6','','颜色混合和数字图像 (09:00)'),(566,73,'1','','建立新图像文件 (07:03)'),(567,73,'2','','图像的保存 (05:06)'),(568,73,'3','','图片组织与界面显示 (06:28)'),(569,73,'4','','图像移动与对齐 (13:48)'),(570,73,'5','','初识选择区 (02:08)'),(571,73,'6','','规则选择工具组 (08:08)'),(572,73,'7','','不规则选区的建立 (08:58)'),(573,73,'8','','快速选择工具组 (09:40)'),(574,73,'9','','选择区的运算 (02:08)'),(575,73,'10','',' 新裁剪工具 (18:35)'),(576,73,'11','',' 透视裁剪工具 (05:20)'),(577,73,'12','',' 切片工具组 (15:34)'),(578,73,'13','',' 吸管工具器 (09:37)'),(579,73,'14','',' 颜色取样 (03:20)'),(580,73,'15','',' 标尺工具 (03:04)'),(581,73,'16','',' 注释工具 (02:48)'),(582,73,'17','',' 计数工具 (05:03)'),(583,73,'18','',' 污点修复画笔 (04:01)'),(584,73,'19','',' 修复画笔 (11:08)'),(585,73,'20','',' 修补工具 (04:55)'),(586,73,'21','',' 内容感知移动工具 (02:45)'),(587,74,'1','','红眼工具 (03:46)'),(588,74,'2','','画笔工具 (12:16)'),(589,74,'3','','画笔笔尖形状 (04:47)'),(590,74,'4','','手绘板与光笔轮、旋转 (07:02)'),(591,74,'5','','手绘板的压力倾斜与方位 (02:15)'),(592,74,'6','','画笔形状动态 (13:12)'),(593,74,'7','','画笔的散布 (04:18)'),(594,74,'8','','画笔纹理 (05:59)'),(595,74,'9','','双重画笔 (02:33)'),(596,74,'10','',' 画笔颜色动态 (04:01)'),(597,74,'11','',' 画笔的传递 (04:06)'),(598,74,'12','',' 画笔笔势 (03:05)'),(599,74,'13','',' 画笔的其他效果 (02:35)'),(600,74,'14','',' 铅笔工具 (04:14)'),(601,74,'15','',' 颜色替换工具 (07:52)'),(602,74,'16','',' 混合器画笔工具 (07:47)'),(603,74,'17','',' 仿制图章工具 (03:25)'),(604,74,'18','',' 图案图章工具 (03:34)'),(605,74,'19','',' 历史记录画笔工具 (03:47)'),(606,74,'20','',' 历史记录艺术画笔 (06:17)'),(607,74,'21','',' 橡皮擦工具 (03:04)'),(608,74,'22','',' 背景橡皮擦工具 (03:38)'),(609,75,'1','','魔术橡皮擦工具 (02:11)'),(610,75,'2','','渐变工具 (06:41)'),(611,75,'3','','渐变编辑器 (06:27)'),(612,75,'4','','油漆桶工具 (01:27)'),(613,75,'5','','模糊与锐化工具 (03:13)'),(614,75,'6','','涂抹工具 (02:25)'),(615,75,'7','','加深和减淡工具 (03:12)'),(616,75,'8','','海绵工具 (02:10)'),(617,75,'9','','初识路径 (03:11)'),(618,75,'10','',' 钢笔工具组 (05:44)'),(619,75,'11','',' 规则形状路径 (04:34)'),(620,75,'12','',' 路径的运算与排列 (10:02)'),(621,75,'13','',' 自定形状工具 (02:29)'),(622,75,'14','',' 约束路径拖动 (02:00)'),(623,75,'15','',' 路径实例 (10:40)'),(624,75,'16','',' 段落的设置 (09:02)'),(625,75,'17','',' 路径与文字结合设计(1) (05:55)'),(626,75,'18','',' 路径实例－表盘 (08:59)'),(627,75,'19','',' 视图移动旋转与缩放 (07:05)'),(628,75,'20','',' 颜色的调配 (04:51)'),(629,75,'21','',' 三种屏显模式 (02:17)'),(630,76,'1','','初识图层 (04:28)'),(631,76,'2','','图层的新建复制与删除 (03:28)'),(632,76,'3','','选择复制与链接图层 (04:04)'),(633,76,'4','','图层的锁定 (03:46)'),(634,76,'5','','图层组 (03:25)'),(635,76,'6','','图层蒙版 (06:28)'),(636,76,'7','','斜面与浮雕 (11:06)'),(637,76,'8','','描边样式 (02:38)'),(638,76,'9','','内阴影样式 (01:53)'),(639,76,'10','',' 内发光样式 (02:59)'),(640,76,'11','',' 光泽样式 (02:10)'),(641,76,'12','',' 三种叠加样式 (02:39)'),(642,76,'13','',' 外发光样式 (02:13)'),(643,76,'14','',' 投影样式 (03:51)'),(644,76,'15','',' 建立填充层 (05:17)'),(645,76,'16','',' 色彩调整层基础知识 (02:51)'),(646,76,'17','',' 亮度对比度调整 (02:24)'),(647,77,'1','','环境组成介绍 (01:47)'),(648,77,'2','','安装JDK (03:06)'),(649,77,'3','','集成环境下载演示温情版 (04:20)'),(650,77,'4','','环境变量介绍（仅供了解） (02:44)'),(651,77,'5','','安装ADT（仅供了解） (07:55)'),(652,77,'6','','总结（仅供了解） (01:39)'),(653,86,'7','',' 复选框CheckBox概述 (02:03)'),(654,86,'8','',' 使用CheckBox (13:55)'),(655,86,'9','',' 总结 (00:27)'),(656,91,'10','',' 过关评测'),(657,87,'11','',' 概述 (02:08)'),(658,87,'12','',' 使用RadioGroup与RadioButton (09:58)'),(659,91,'13','',' 过关评测'),(660,88,'14','',' 布局概述 (00:56)'),(661,88,'15','',' 理解线性布局 (01:19)'),(662,88,'16','',' 使用线性布局 (12:50)'),(663,88,'17','',' 总结 (00:51)'),(664,91,'18','',' 过关评测'),(665,89,'19','',' 理解相对布局 (03:42)'),(666,89,'20','',' 使用相对布局 (19:00)'),(667,91,'21','',' 过关评测'),(668,90,'22','',' 五布局之帧布局FrameLayout (08:54)'),(669,91,'23','',' 过关评测'),(670,91,'24','',' 五布局之绝对布局AbsoluteLayout (05:04)'),(671,91,'25','',' 过关评测'),(672,92,'26','',' 属性简介 (04:35)'),(673,92,'27','',' 使用TableLayout的属性 (10:14)'),(674,92,'28','',' 实现计算机简单布局 (06:45)'),(675,93,'29','',' 重新认识Activity (04:28)'),(676,93,'30','',' 生命周期概述 (04:07)'),(677,93,'31','',' 查看Activity生命周期执行过程 (14:14)'),(678,94,'32','',' 无返回结果的页面跳转 (14:05)'),(679,94,'33','',' 有返回结果的页面跳转 (15:04)'),(680,95,'34','',' App签名打包 (06:04)'),(681,78,'1','','新建android项目 (03:24)'),(682,78,'2','','项目结构介绍 (08:45)'),(683,96,'3','',' 使用SDK开发文档 (06:04)'),(684,97,'4','',' 设置文本框样式 (07:46)'),(685,97,'5','',' 数字按钮布局 (11:46)'),(686,97,'6','',' 修改按钮样式 (07:38)'),(687,97,'7','',' 实例化控件 (07:56)'),(688,97,'8','',' 实现业务逻辑 (18:48)'),(689,97,'9','',' 排查bug (03:53)'),(690,79,'1','','控件概述 (01:21)'),(691,79,'2','','控件属性解析 (01:20)'),(692,79,'3','','使用TextView与EditText (12:31)'),(693,85,'4','','过关评测'),(694,80,'1','','ImageView概述 (01:28)'),(695,80,'2','','使用ImageView显示图片 (05:35)'),(696,80,'3','','不同分辨率下图片的显示 (06:31)'),(697,85,'4','','过关评测'),(698,81,'1','','按钮概述 (02:42)'),(699,81,'2','','使用按钮Button (04:23)'),(700,81,'3','','使用按钮ImageButton (03:58)'),(701,81,'4','','总结 (02:00)'),(702,85,'5','','过关评测'),(703,82,'1','','概述 (01:29)'),(704,82,'2','','匿名内部类监听按钮点击事件 (09:57)'),(705,82,'3','','外部类监听点击事件 (15:00)'),(706,82,'4','','接口方式监听按钮点击事件 (06:49)'),(707,83,'1','','使用TextView实现跑马灯效果 (15:04)'),(708,84,'1','','AutoCompleteTextView概述 (02:59)'),(709,84,'2','','使用AutoCompleteTextView实现自动匹配输入的内容 (11:09)'),(710,84,'3','','MultiAutoCompleteTextView概述 (01:37)'),(711,84,'4','','使用MultiAutoCompleteTextView实现自动匹配输入的内容 (06:44)'),(712,85,'5','','过关评测'),(713,85,'1','','ToggleButton概述 (02:30)'),(714,85,'2','','使用ToggleButton按钮实现开关效果 (12:39)'),(715,85,'3','','过关评测'),(716,86,'1','',' 复选框CheckBox概述 (02:03)'),(717,86,'2','',' 使用CheckBox (13:55)'),(718,86,'3','',' 总结 (00:27)'),(719,91,'4','',' 过关评测'),(720,87,'1','',' 概述 (02:08)'),(721,87,'2','',' 使用RadioGroup与RadioButton (09:58)'),(722,91,'3','',' 过关评测'),(723,88,'1','',' 布局概述 (00:56)'),(724,88,'2','',' 理解线性布局 (01:19)'),(725,88,'3','',' 使用线性布局 (12:50)'),(726,88,'4','',' 总结 (00:51)'),(727,91,'5','',' 过关评测'),(728,89,'1','',' 理解相对布局 (03:42)'),(729,89,'2','',' 使用相对布局 (19:00)'),(730,91,'3','',' 过关评测'),(731,90,'1','',' 五布局之帧布局FrameLayout (08:54)'),(732,91,'2','',' 过关评测'),(733,91,'1','',' 五布局之绝对布局AbsoluteLayout (05:04)'),(734,91,'2','',' 过关评测'),(735,92,'1','',' 属性简介 (04:35)'),(736,92,'2','',' 使用TableLayout的属性 (10:14)'),(737,92,'3','',' 实现计算机简单布局 (06:45)'),(738,93,'1','',' 重新认识Activity (04:28)'),(739,93,'2','',' 生命周期概述 (04:07)'),(740,93,'3','',' 查看Activity生命周期执行过程 (14:14)'),(741,94,'1','',' 无返回结果的页面跳转 (14:05)'),(742,94,'2','',' 有返回结果的页面跳转 (15:04)'),(743,95,'1','',' App签名打包 (06:04)'),(744,96,'1','',' 使用SDK开发文档 (06:04)'),(745,97,'1','',' 设置文本框样式 (07:46)'),(746,97,'2','',' 数字按钮布局 (11:46)'),(747,97,'3','',' 修改按钮样式 (07:38)'),(748,97,'4','',' 实例化控件 (07:56)'),(749,97,'5','',' 实现业务逻辑 (18:48)'),(750,97,'6','',' 排查bug (03:53)'),(751,98,'1','','让你认识JS'),(752,190,'2','','编程练习'),(753,107,'3','',' 编程挑战'),(754,119,'1','','什么是变量'),(755,99,'2','','给变量取个名字(变量命名)'),(756,99,'3','','确定你的存在(变量声明)'),(757,99,'4','','多样化的我(变量赋值）'),(758,99,'5','','表达出你的想法(表达式)'),(759,99,'6','','我还有其它用途( +号操作符）'),(760,99,'7','','自加一，自减一 ( ++和- -)'),(761,99,'8','','较量较量(比较操作符)'),(762,99,'9','','我与你同在(逻辑与操作符）'),(763,99,'10','',' 我或你都可以 (逻辑或操作符）'),(764,99,'11','',' 是非颠倒(逻辑非操作符）'),(765,99,'12','',' 保持先后顺序(操作符优先级）'),(766,134,'13','',' 编程练习'),(767,100,'1','','一起组团（什么是数组）'),(768,100,'2','','组团，并给团取个名（如何创建数组）'),(769,100,'3','','谁是团里成员（数组赋值）'),(770,100,'4','','团里添加新成员（向数组增加一个新元素）'),(771,100,'5','','呼叫团里成员(使用数组元素)'),(772,100,'6','','了解成员数量(数组属性length)'),(773,100,'7','','二维数组'),(774,190,'8','','编程练习'),(775,101,'1','','做判断（if语句）'),(776,101,'2','','二选一 （if...else语句）'),(777,101,'3','','多重判断（if..else嵌套语句）'),(778,101,'4','','多种选择（Switch语句)'),(779,101,'5','','重复重复（for循环）'),(780,101,'6','','反反复复(while循环)'),(781,101,'7','','来来回回(Do...while循环)'),(782,101,'8','','退出循环break'),(783,101,'9','','继续循环continue'),(784,134,'10','',' 编程练习'),(785,123,'1','','什么是函数'),(786,102,'2','','定义函数'),(787,102,'3','','函数调用'),(788,102,'4','','有参数的函数'),(789,102,'5','','返回值的函数'),(790,190,'6','','编程练习'),(791,103,'1','','什么是事件'),(792,103,'2','','鼠标单击事件( onclick ）'),(793,103,'3','','鼠标经过事件（onmouseover）'),(794,103,'4','','鼠标移开事件（onmouseout）'),(795,103,'5','','光标聚焦事件（onfocus）'),(796,103,'6','','失焦事件（onblur）'),(797,103,'7','','内容选中事件（onselect）'),(798,103,'8','','文本框内容改变事件（onchange）'),(799,103,'9','','加载事件（onload）'),(800,103,'10','',' 卸载事件（onunload）'),(801,134,'11','',' 编程练习'),(802,104,'1','','什么是对象'),(803,104,'2','',' Date 日期对象'),(804,104,'3','','返回/设置年份方法'),(805,104,'4','','返回星期方法'),(806,104,'5','','返回/设置时间方法'),(807,104,'6','',' String 字符串对象'),(808,104,'7','','返回指定位置的字符'),(809,104,'8','','返回指定的字符串首次出现的位置'),(810,104,'9','',' 字符串分割split()'),(811,104,'10','',' 提取字符串substring()'),(812,104,'11','',' 提取指定数目的字符substr()'),(813,104,'12','',' Math对象'),(814,104,'13','',' 向上取整ceil()'),(815,104,'14','',' 向下取整floor()'),(816,104,'15','',' 四舍五入round()'),(817,104,'16','',' 随机数 random()'),(818,104,'17','','  Array 数组对象'),(819,104,'18','',' 数组连接concat()'),(820,104,'19','',' 指定分隔符连接数组元素join()'),(821,104,'20','',' 颠倒数组元素顺序reverse()'),(822,104,'21','',' 选定元素slice()'),(823,104,'22','','  数组排序sort()'),(824,134,'23','',' 编程练习'),(825,105,'1','','window对象'),(826,105,'2','','JavaScript 计时器'),(827,105,'3','','计时器setInterval()'),(828,105,'4','',' 取消计时器clearInterval()'),(829,105,'5','','计时器setTimeout()'),(830,105,'6','','取消计时器clearTimeout()'),(831,105,'7','','History 对象'),(832,105,'8','','返回前一个浏览的页面'),(833,105,'9','','返回下一个浏览的页面'),(834,105,'10','',' 返回浏览历史中的其他页面'),(835,105,'11','',' Location对象'),(836,105,'12','',' Navigator对象'),(837,105,'13','',' userAgent'),(838,105,'14','',' screen对象'),(839,105,'15','',' 屏幕分辨率的高和宽'),(840,105,'16','',' 屏幕可用高和宽度'),(841,134,'17','',' 编程练习'),(842,106,'1','','认识DOM'),(843,106,'2','','getElementsByName()方法'),(844,106,'3','','getElementsByTagName()方法'),(845,106,'4','','区别getElementByID,getElementsByName,getElementsByTagName'),(846,106,'5','','getAttribute()方法'),(847,106,'6','','setAttribute()方法'),(848,106,'7','','节点属性'),(849,106,'8','','访问子结点childNodes'),(850,106,'9','','访问子结点的第一和最后项'),(851,106,'10','',' 访问父节点parentNode'),(852,106,'11','',' 访问兄弟节点'),(853,106,'12','',' 插入节点appendChild()'),(854,106,'13','',' 插入节点insertBefore()'),(855,106,'14','',' 删除节点removeChild() '),(856,106,'15','',' 替换元素节点replaceChild()'),(857,106,'16','',' 创建元素节点createElement'),(858,106,'17','',' 创建文本节点createTextNode'),(859,106,'18','',' 浏览器窗口可视区域大小'),(860,106,'19','',' 网页尺寸scrollHeight'),(861,106,'20','',' 网页尺寸offsetHeight'),(862,106,'21','',' 网页卷去的距离与偏移量'),(863,134,'22','',' 编程练习'),(864,107,'1','',' 编程挑战'),(865,108,'1','','Linux简介 (13:22)'),(866,108,'2','','开源软件简介 (07:36)'),(867,173,'3','','练习题'),(868,108,'4','','Linux应用领域 (09:08)'),(869,173,'5','','练习题'),(870,108,'6','','Linux学习方法 (05:24)'),(871,108,'7','','Linux与Windows的不同 (10:25)'),(872,108,'8','','字符界面的优势 (03:31)'),(873,173,'9','','练习题'),(874,109,'1','','虚拟机的安装 (14:17)'),(875,109,'2','','虚拟机的使用 (16:24)'),(876,109,'3','',' 系统分区之分区与格式化 (15:00)'),(877,109,'4','','分区之分区设备文件名与挂载 (17:04)'),(878,173,'5','','练习题'),(879,109,'6','','Linux系统安装 (22:09)'),(880,173,'7','','练习题'),(881,109,'8','','XShell的安装和使用 (08:23)'),(882,110,'1','','命令格式 (23:05)'),(883,110,'2','','目录处理命令（上） (13:15)'),(884,110,'3','','目录处理命令（下） (16:12)'),(885,110,'4','','常见目录作用 (08:21)'),(886,110,'5','','链接命令 (26:54)'),(887,111,'1','','文件搜索命令locate (12:23)'),(888,111,'2','','命令搜索命令 (10:27)'),(889,111,'3','','find命令 (23:54)'),(890,111,'4','','grep命令 (05:24)'),(891,112,'1','','帮助命令 (15:42)'),(892,112,'2','','其他帮助命令 (10:06)'),(893,113,'1','','压缩命令1 (15:32)'),(894,113,'2','','压缩命令2 (10:30)'),(895,114,'1','','关机与重启命令 (18:05)'),(896,115,'1','','挂载命令 (40:33)'),(897,115,'2','','用户登录查看命令 (08:58)'),(898,116,'1','','shell概述 (16:36)'),(899,116,'2','','脚本执行方式 (18:04)'),(900,116,'3','','别名与快捷键 (21:56)'),(901,116,'4','','历史命令 (14:16)'),(902,116,'5','','输出重定向 (30:14)'),(903,116,'6','','管道符 (22:05)'),(904,116,'7','','通配符 (13:10)'),(905,117,'1','','课程介绍 (04:16)'),(906,126,'2','',' 生成列表'),(907,126,'3','',' 复杂表达式'),(908,126,'4','',' 条件过滤'),(909,126,'5','',' 多层表达式'),(910,118,'1','','选择Python版本 (00:51)'),(911,118,'2','','Windows上安装Python (02:22)'),(912,118,'3','','第一个Python程序 (02:33)'),(913,119,'1','','数据类型'),(914,119,'2','','print语句'),(915,119,'3','','注释'),(916,119,'4','','什么是变量'),(917,119,'5','','定义字符串'),(918,119,'6','','raw字符串与多行字符串'),(919,119,'7','','Unicode字符串'),(920,119,'8','','整数和浮点数'),(921,119,'9','','布尔类型'),(922,120,'1','','创建list'),(923,120,'2','','按照索引访问list'),(924,120,'3','','倒序访问list'),(925,120,'4','','添加新元素'),(926,120,'5','','从list删除元素'),(927,120,'6','','替换元素'),(928,120,'7','','创建tuple'),(929,120,'8','','创建单元素tuple'),(930,120,'9','','“可变”的tuple'),(931,121,'1','','if语句'),(932,121,'2','','if-else'),(933,121,'3','','if-elif-else'),(934,121,'4','','for循环'),(935,121,'5','','while循环'),(936,121,'6','','break退出循环'),(937,121,'7','','continue继续循环'),(938,121,'8','','多重循环'),(939,122,'1','','什么是dict'),(940,122,'2','','访问dict'),(941,122,'3','','dict的特点'),(942,122,'4','','更新dict'),(943,122,'5','','遍历dict'),(944,122,'6','','什么是set'),(945,122,'7','','访问set'),(946,122,'8','','set的特点'),(947,122,'9','','遍历set'),(948,122,'10','',' 更新set'),(949,123,'1','','什么是函数'),(950,123,'2','','调用函数'),(951,123,'3','','编写函数'),(952,123,'4','','返回多值'),(953,123,'5','','递归函数'),(954,123,'6','','定义默认参数'),(955,123,'7','','定义可变参数'),(956,124,'1','','对list进行切片'),(957,124,'2','','倒序切片'),(958,124,'3','','对字符串切片'),(959,125,'1','','什么是迭代'),(960,125,'2','','索引迭代'),(961,125,'3','','迭代dict的value'),(962,125,'4','','迭代dict的key和value'),(963,126,'1','',' 生成列表'),(964,126,'2','',' 复杂表达式'),(965,126,'3','',' 条件过滤'),(966,126,'4','',' 多层表达式'),(967,127,'1','','环境搭建'),(968,127,'2','','jQuery初体验'),(969,136,'3','',' 拖曳插件——draggable'),(970,136,'4','','  放置插件——droppable'),(971,136,'5','',' 拖曳排序插件——sortable '),(972,136,'6','',' 面板折叠插件——accordion'),(973,136,'7','','  选项卡插件——tabs'),(974,136,'8','',' 对话框插件——dialog '),(975,136,'9','',' 菜单工具插件——menu'),(976,136,'10','',' 微调按钮插件——spinner '),(977,136,'11','',' 工具提示插件——tooltip'),(978,137,'12','','0 练习题'),(979,137,'13','',' 获取浏览器的名称与版本信息'),(980,137,'14','',' 检测浏览器是否属于W3C盒子模型'),(981,137,'15','',' 检测对象是否为空'),(982,137,'16','',' 检测对象是否为原始对象'),(983,137,'17','',' 检测两个节点的包含关系 '),(984,137,'18','',' 字符串操作函数'),(985,137,'19','',' URL操作函数'),(986,137,'20','',' 使用$.extend()扩展工具函数'),(987,137,'21','',' 使用$.extend()扩展Object对象'),(988,137,'22','','0 练习题'),(989,137,'23','','1 编程挑战'),(990,138,'24','',' 聊天室基本功能介绍 (02:35)'),(991,138,'25','',' 聊天室案例页面效果展示 (09:00)'),(992,138,'26','',' 聊天室数据流程分析 (03:32)'),(993,138,'27','',' 登录页面开发 (15:21)'),(994,138,'28','',' 聊天室主页代码功能分析 (05:50)'),(995,138,'29','',' 简短回顾聊天主页的功能 (01:46)'),(996,138,'30','',' “发送”按钮代码功能解析 (05:56)'),(997,138,'31','',' “表情图标”的添加代码分析 (06:17)'),(998,138,'32','',' 点击“表情图标”时的事件代码说明 (03:47)'),(999,138,'33','','0 定时获取聊天内容和在线人员信息的功能实现 (06:54)'),(1000,138,'34','','1 通过页面元素侦察Ajax请求过程的状态 (02:21)'),(1001,138,'35','','2 案例代码小结说明 (04:33)'),(1002,138,'36','','3 练习题'),(1003,138,'37','','4 挑战题'),(1004,128,'1','','#id 选择器(使用身份证号来找人)'),(1005,128,'2','','element 选择器(寻找铅笔)'),(1006,128,'3','','.class 选择器(寻找红色铅笔)'),(1007,128,'4','','* 选择器(取走全部铅笔)'),(1008,128,'5','','sele1,sele2,seleN选择器'),(1009,128,'6','','ance desc选择器'),(1010,128,'7','','parent &gt; child选择器'),(1011,128,'8','','prev + next选择器'),(1012,128,'9','','prev ~ siblings选择器'),(1013,135,'10','',' 练习题'),(1014,129,'1','',' :first过滤选择器'),(1015,129,'2','',':eq(index)过滤选择器'),(1016,129,'3','',' :contains(text)过滤选择器'),(1017,129,'4','',':has(selector)过滤选择器'),(1018,129,'5','',' :hidden过滤选择器'),(1019,129,'6','',':visible过滤选择器'),(1020,129,'7','','[attribute=value]属性选择器'),(1021,129,'8','',' [attribute!=value]属性选择器'),(1022,129,'9','',' [attribute*=value]属性选择器'),(1023,129,'10','',' :first-child子元素过滤选择器'),(1024,129,'11','',' :last-child子元素过滤选择器'),(1025,135,'12','',' 练习题'),(1026,134,'13','',' 编程练习'),(1027,130,'1','',':input表单选择器'),(1028,130,'2','',' :text表单文本选择器'),(1029,130,'3','',' :password表单密码选择器'),(1030,130,'4','',' :radio单选按钮选择器'),(1031,130,'5','',' :checkbox复选框选择器'),(1032,130,'6','',':submit提交按钮选择器'),(1033,130,'7','',':image图像域选择器'),(1034,130,'8','',':button表单按钮选择器'),(1035,130,'9','',' :checked选中状态选择器'),(1036,130,'10','',' :selected选中状态选择器'),(1037,135,'11','',' 练习题'),(1038,131,'1','','使用attr()方法控制元素的属性'),(1039,131,'2','','操作元素的内容'),(1040,131,'3','','操作元素的样式'),(1041,131,'4','','移除属性和样式'),(1042,131,'5','','使用append()方法向元素内追加内容'),(1043,131,'6','','使用appendTo()方法向被选元素内插入内容'),(1044,131,'7','','使用before()和after()在元素前后插入内容'),(1045,131,'8','','使用clone()方法复制元素'),(1046,131,'9','','替换内容'),(1047,131,'10','',' 使用wrap()和wrapInner()方法包裹元素和内容'),(1048,131,'11','',' 使用each()方法遍历元素'),(1049,131,'12','',' 使用remove()和empty()方法删除元素'),(1050,135,'13','',' 练习题'),(1051,132,'1','','页面加载时触发ready()事件'),(1052,132,'2','','使用bind()方法绑定元素的事件'),(1053,132,'3','','使用hover()方法切换事件'),(1054,132,'4','','使用toggle()方法绑定多个函数'),(1055,132,'5','','使用unbind()方法移除元素绑定的事件'),(1056,132,'6','','使用one()方法绑定元素的一次性事件'),(1057,132,'7','','调用trigger()方法手动触发指定的事件'),(1058,132,'8','','文本框的focus和blur事件'),(1059,132,'9','','下拉列表框的change事件'),(1060,132,'10','',' 调用live()方法绑定元素的事件 '),(1061,135,'11','',' 练习题'),(1062,133,'1','','调用show()和hide()方法显示和隐藏元素'),(1063,133,'2','','动画效果的show()和hide()方法'),(1064,133,'3','','调用toggle()方法实现动画切换效果'),(1065,133,'4','','使用slideUp()和slideDown()方法的滑动效果'),(1066,133,'5','','使用slideToggle()方法实现图片“变脸”效果'),(1067,133,'6','','使用fadeIn()与fadeOut()方法实现淡入淡出效果'),(1068,133,'7','','使用fadeTo()方法设置淡入淡出效果的不透明度'),(1069,133,'8','','调用animate()方法制作简单的动画效果'),(1070,133,'9','','调用animate()方法制作移动位置的动画'),(1071,133,'10','',' 调用stop()方法停止当前所有动画效果'),(1072,133,'11','',' 调用delay()方法延时执行动画效果'),(1073,135,'12','',' 练习题'),(1074,134,'13','',' 编程练习'),(1075,134,'1','','使用load()方法异步请求数据'),(1076,134,'2','','使用getJSON()方法异步加载JSON格式数据 '),(1077,134,'3','','使用getScript()方法异步加载并执行js文件'),(1078,134,'4','','使用get()方法以GET方式从服务器获取数据'),(1079,134,'5','','使用post()方法以POST方式从服务器发送数据'),(1080,134,'6','','使用serialize()方法序列化表单元素值'),(1081,134,'7','','使用ajax()方法加载服务器数据'),(1082,134,'8','','使用ajaxSetup()方法设置全局Ajax默认选项'),(1083,134,'9','','使用ajaxStart()和ajaxStop()方法'),(1084,135,'10','',' 练习题'),(1085,134,'11','',' 编程练习'),(1086,135,'1','','表单验证插件——validate'),(1087,135,'2','','表单插件——form '),(1088,135,'3','','图片灯箱插件——lightBox'),(1089,135,'4','','图片放大镜插件——jqzoom'),(1090,135,'5','','cookie插件——cookie'),(1091,135,'6','','搜索插件——autocomplete'),(1092,135,'7','','右键菜单插件——contextmenu '),(1093,135,'8','','自定义对象级插件——lifocuscolor插件'),(1094,135,'9','','自定义类级别插件—— twoaddresult'),(1095,135,'10','',' 练习题'),(1096,136,'1','',' 拖曳插件——draggable'),(1097,136,'2','','  放置插件——droppable'),(1098,136,'3','',' 拖曳排序插件——sortable '),(1099,136,'4','',' 面板折叠插件——accordion'),(1100,136,'5','','  选项卡插件——tabs'),(1101,136,'6','',' 对话框插件——dialog '),(1102,136,'7','',' 菜单工具插件——menu'),(1103,136,'8','',' 微调按钮插件——spinner '),(1104,136,'9','',' 工具提示插件——tooltip'),(1105,137,'10','','0 练习题'),(1106,137,'1','',' 获取浏览器的名称与版本信息'),(1107,137,'2','',' 检测浏览器是否属于W3C盒子模型'),(1108,137,'3','',' 检测对象是否为空'),(1109,137,'4','',' 检测对象是否为原始对象'),(1110,137,'5','',' 检测两个节点的包含关系 '),(1111,137,'6','',' 字符串操作函数'),(1112,137,'7','',' URL操作函数'),(1113,137,'8','',' 使用$.extend()扩展工具函数'),(1114,137,'9','',' 使用$.extend()扩展Object对象'),(1115,137,'10','','0 练习题'),(1116,137,'11','','1 编程挑战'),(1117,138,'1','',' 聊天室基本功能介绍 (02:35)'),(1118,138,'2','',' 聊天室案例页面效果展示 (09:00)'),(1119,138,'3','',' 聊天室数据流程分析 (03:32)'),(1120,138,'4','',' 登录页面开发 (15:21)'),(1121,138,'5','',' 聊天室主页代码功能分析 (05:50)'),(1122,138,'6','',' 简短回顾聊天主页的功能 (01:46)'),(1123,138,'7','',' “发送”按钮代码功能解析 (05:56)'),(1124,138,'8','',' “表情图标”的添加代码分析 (06:17)'),(1125,138,'9','',' 点击“表情图标”时的事件代码说明 (03:47)'),(1126,138,'10','','0 定时获取聊天内容和在线人员信息的功能实现 (06:54)'),(1127,138,'11','','1 通过页面元素侦察Ajax请求过程的状态 (02:21)'),(1128,138,'12','','2 案例代码小结说明 (04:33)'),(1129,138,'13','','3 练习题'),(1130,138,'14','','4 挑战题'),(1131,139,'1','','异常简介 (06:50)'),(1132,139,'2','','使用try..catch..finally实现异常处理 (05:08)'),(1133,139,'3','','通过案例学习 try...catch...finally (14:00)'),(1134,173,'4','','练习题'),(1135,139,'5','','Java 中的异常抛出以及自定义异常 (04:32)'),(1136,173,'6','','练习题'),(1137,139,'7','','Java 中的异常链 (06:09)'),(1138,173,'8','','练习题'),(1139,139,'9','','经验总结 (02:20)'),(1140,140,'1','','什么是 Java 中的字符串'),(1141,140,'2','','Java 中字符串的不变性'),(1142,140,'3','','Java 中 String 类的常用方法 Ⅰ'),(1143,140,'4','','Java 中的 String  类常用方法 Ⅱ'),(1144,140,'5','','认识 Java 中的 StringBuilder 类'),(1145,140,'6','','Java 中的 StringBuilder 类的常用方法'),(1146,173,'7','','练习题'),(1147,141,'1','','Java 中的包装类'),(1148,141,'2','','Java 中基本类型和包装类之间的转换'),(1149,173,'3','','练习题'),(1150,141,'4','','Java 中基本类型和字符串之间的转换'),(1151,173,'5','','练习题'),(1152,141,'6','','使用 Date 和 SimpleDateFormat 类表示时间'),(1153,141,'7','','Calendar 类的应用'),(1154,141,'8','','使用 Math 类操作数据'),(1155,142,'1','','Java 中的集合框架概述 (09:50)'),(1156,142,'2','','Collection 接口 &amp; List 接口简介 (02:28)'),(1157,142,'3','','学生选课--创建学生类和课程类 (05:03)'),(1158,142,'4','','学生选课---添加课程 Ⅰ  (12:18)'),(1159,142,'5','','学生选课---添加课程 Ⅱ (06:42)'),(1160,142,'6','','学生选课—课程查询 (11:15)'),(1161,142,'7','','学生选课—课程修改 (02:14)'),(1162,142,'8','','学生选课—课程删除 (05:57)'),(1163,142,'9','','学生选课---应用泛型管理课程 Ⅰ (12:53)'),(1164,142,'10','',' 学生选课---应用泛型管理课程 Ⅱ (07:48)'),(1165,142,'11','',' 学生选课---通过 Set 集合管理课程 (15:03)'),(1166,143,'1','','Map &amp; HashMap 简介 (03:36)'),(1167,143,'2','','学生选课---使用 Map 添加学生 (14:25)'),(1168,143,'3','','学生选课---删除 Map 中的学生 (08:23)'),(1169,143,'4','','学生选课---修改 Map 中的学生 (06:53)'),(1170,144,'1','','学生选课---判断 List 中课程是否存在  (18:29)'),(1171,144,'2','','学生选课---判断 Set 中课程是否存在  (07:21)'),(1172,144,'3','','学生选课---获取 List  中课程的位置 (04:21)'),(1173,144,'4','','学生选课---判断 Map 中是否包含指定的 key 和 value (10:17)'),(1174,144,'5','','应用 Collections.sort() 实现 List 排序 (14:53)'),(1175,144,'6','','学生选课---尝试对学生序列排序 (04:14)'),(1176,144,'7','','Comparable &amp; Comparator 简介 (04:19)'),(1177,144,'8','','学生选课--- 实现学生序列排序 (14:33)'),(1178,145,'1','','简易扑克牌游戏 (06:06)'),(1179,146,'1','','MySQL概述 (01:54)'),(1180,146,'2','','MySQL的安装与配置 (15:13)'),(1181,146,'3','','启动与停止MySQL服务 (02:41)'),(1182,146,'4','','登录与退出 (05:48)'),(1183,146,'5','','修改MySQL提示符 (04:39)'),(1184,146,'6','','MySQL常用命令以及语法规范 (03:05)'),(1185,146,'7','','操作数据库 (12:55)'),(1186,155,'8','',' 课程介绍 (02:19)'),(1187,155,'9','',' 管理工具之phpMyAdmin (16:51)'),(1188,155,'10','',' 管理工具之Navicat for MySQL (09:28)'),(1189,155,'11','',' 管理工具之MySQL Workbench (04:37)'),(1190,147,'1','','内容回顾 (01:05)'),(1191,147,'2','','数据类型之整型 (04:46)'),(1192,147,'3','','数据类型之浮点型 (02:38)'),(1193,147,'4','','数据类型之日期时间型 (02:56)'),(1194,147,'5','','数据类型之字符型 (03:39)'),(1195,147,'6','','创建数据表 (09:39)'),(1196,147,'7','','查看数据表 (02:01)'),(1197,147,'8','','查看数据表结构 (01:37)'),(1198,147,'9','','记录的插入与查找 (05:52)'),(1199,147,'10','',' 空值与非空 (03:45)'),(1200,147,'11','',' 自动编号 (02:38)'),(1201,147,'12','',' 初涉主键约束 (06:18)'),(1202,147,'13','',' 初涉唯一约束 (03:46)'),(1203,147,'14','',' 初涉默认约束 (02:56)'),(1204,147,'15','',' 总结 (02:50)'),(1205,148,'1','','回顾和概述 (01:13)'),(1206,148,'2','','外键约束的要求解析 (14:24)'),(1207,148,'3','','外键约束的参照操作 (09:22)'),(1208,148,'4','','表级约束与列级约束 (02:26)'),(1209,148,'5','','修改数据表-添加/删除列 (05:58)'),(1210,148,'6','','修改数据表--添加约束 (08:27)'),(1211,148,'7','','修改数据表--删除约束 (04:41)'),(1212,148,'8','','修改数据表--修改列定义和更名数据表 (08:45)'),(1213,148,'9','','小结 (01:20)'),(1214,149,'1','','回顾和概述 (02:33)'),(1215,149,'2','','插入记录INSERT (09:09)'),(1216,149,'3','','插入记录INSERT SET-SELECT (02:56)'),(1217,149,'4','','单表更新记录UPDATE (06:13)'),(1218,149,'5','','单表删除记录DELETE (02:12)'),(1219,149,'6','','查询表达式解析 (07:40)'),(1220,149,'7','','where语句进行条件查询 (01:28)'),(1221,149,'8','','group by语句对查询结果分组 (02:39)'),(1222,149,'9','','having语句设置分组条件 (02:52)'),(1223,149,'10','',' order by语句对查询结果排序 (02:39)'),(1224,149,'11','',' limit语句限制查询数量 (07:36)'),(1225,149,'12','',' 小结 (01:33)'),(1226,150,'1','','数据准备 (05:31)'),(1227,150,'2','','子查询简介 (03:25)'),(1228,150,'3','','由比较运算符引发的子查询 (13:40)'),(1229,150,'4','','由[NOT] IN/EXISTS引发的子查询 (02:26)'),(1230,150,'5','','使用INSERT...SELECT插入记录 (09:31)'),(1231,150,'6','','多表更新 (06:00)'),(1232,150,'7','','多表更新之一步到位 (13:59)'),(1233,150,'8','','连接的语法结构 (03:22)'),(1234,150,'9','','内连接INNER JOIN (04:59)'),(1235,150,'10','',' 外连接OUTER JOIN (02:31)'),(1236,150,'11','',' 多表连接 (03:09)'),(1237,150,'12','',' 关于连接的几点说明 (03:16)'),(1238,150,'13','',' 无限级分类表设计 (15:27)'),(1239,150,'14','',' 多表删除 (06:46)'),(1240,151,'1','','回顾和概述 (03:12)'),(1241,151,'2','','字符函数 (20:07)'),(1242,151,'3','','数值运算符和函数 (04:44)'),(1243,151,'4','','比较运算符和函数 (03:06)'),(1244,151,'5','','日期时间函数 (05:47)'),(1245,151,'6','','信息函数 (04:19)'),(1246,151,'7','','聚合函数 (04:13)'),(1247,151,'8','','加密函数 (03:00)'),(1248,152,'1','','回顾和概述 (01:02)'),(1249,152,'2','','自定义函数简介 (04:14)'),(1250,152,'3','','创建不带参数的自定义函数 (04:30)'),(1251,152,'4','','创建带有参数的自定义函数 (01:48)'),(1252,152,'5','','创建具有复合结构函数体的自定义函数 (06:06)'),(1253,153,'1','','课程回顾 (01:36)'),(1254,153,'2','','存储过程简介 (05:03)'),(1255,153,'3','','存储过程语法结构解析 (03:21)'),(1256,153,'4','','创建不带参数的存储过程 (02:24)'),(1257,153,'5','','创建带有IN类型参数的存储过程 (09:07)'),(1258,153,'6','','创建带有IN和OUT类型参数的存储过程 (06:20)'),(1259,153,'7','','创建带有多个OUT类型参数的存储过程 (13:23)'),(1260,153,'8','','存储过程与自定义函数的区别 (03:10)'),(1261,154,'1','','课程回顾 (02:34)'),(1262,154,'2','','存储引擎简介 (02:42)'),(1263,154,'3','','相关知识点之并发处理 (05:17)'),(1264,154,'4','','相关知识点之事务处理 (01:47)'),(1265,154,'5','','相关知识点之外键和索引 (02:17)'),(1266,154,'6','','各个存储引擎特点 (04:24)'),(1267,154,'7','','设置存储引擎 (03:44)'),(1268,155,'1','',' 课程介绍 (02:19)'),(1269,155,'2','',' 管理工具之phpMyAdmin (16:51)'),(1270,155,'3','',' 管理工具之Navicat for MySQL (09:28)'),(1271,155,'4','',' 管理工具之MySQL Workbench (04:37)'),(1272,156,'1','','Bootstrap简介 (02:01)'),(1273,156,'2','','Bootstrap到底是什么？'),(1274,156,'3','','如何开始使用Bootstrap (05:14)'),(1275,156,'4','','基本的HTML模板'),(1276,156,'5','','全局样式'),(1277,157,'1','','标题（一）'),(1278,157,'2','','标题（二）'),(1279,157,'3','','段落（正文文本）'),(1280,157,'4','','强调内容'),(1281,157,'5','','粗体'),(1282,157,'6','','斜体'),(1283,157,'7','','强调相关的类'),(1284,157,'8','','文本对齐风格'),(1285,157,'9','','列表--简介'),(1286,157,'10','',' 列表--无序列表、有序列表'),(1287,157,'11','',' 列表--去点列表'),(1288,157,'12','',' 列表--内联列表'),(1289,157,'13','',' 列表--定义列表'),(1290,157,'14','',' 列表--水平定义列表'),(1291,157,'15','',' 代码（一）'),(1292,157,'16','',' 代码（二）'),(1293,157,'17','',' 表格'),(1294,157,'18','',' 表格--表格行的类'),(1295,157,'19','',' 表格--基础表格'),(1296,157,'20','',' 表格--斑马线表格'),(1297,157,'21','',' 表格--带边框的表格'),(1298,157,'22','',' 表格--鼠标悬浮高亮的表格'),(1299,157,'23','',' 表格--紧凑型表格'),(1300,157,'24','',' 表格--响应式表格'),(1301,158,'1','','基础表单'),(1302,158,'2','','水平表单'),(1303,158,'3','','内联表单'),(1304,158,'4','','表单控件(输入框input)'),(1305,158,'5','','表单控件(下拉选择框select)'),(1306,158,'6','','表单控件(文本域textarea)'),(1307,158,'7','','表单控件(复选框checkbox和单选择按钮radio)'),(1308,158,'8','','表单控件(复选框和单选按钮水平排列)'),(1309,158,'9','','表单控件(按钮)'),(1310,158,'10','',' 表单控件大小'),(1311,158,'11','',' 表单控件状态(焦点状态)'),(1312,158,'12','',' 表单控件状态(禁用状态)'),(1313,158,'13','',' 表单控件状态(验证状态)'),(1314,158,'14','',' 表单提示信息'),(1315,158,'15','',' 按钮'),(1316,158,'16','',' 基本按钮'),(1317,158,'17','',' 默认按钮'),(1318,158,'18','',' 多标签支持'),(1319,158,'19','',' 定制风格'),(1320,158,'20','',' 按钮大小'),(1321,158,'21','',' 块状按钮'),(1322,158,'22','',' 按钮状态——活动状态'),(1323,158,'23','',' 按钮状态——禁用状态'),(1324,158,'24','',' 图像'),(1325,158,'25','',' 图标（一）'),(1326,158,'26','',' 图标（二）'),(1327,159,'1','','实现原理'),(1328,159,'2','','工作原理'),(1329,159,'3','','基本用法'),(1330,159,'4','','列偏移'),(1331,159,'5','','列排序'),(1332,159,'6','','列的嵌套'),(1333,160,'1','','下拉菜单（基本用法）'),(1334,160,'2','','下拉菜单（原理分析）'),(1335,160,'3','','下拉菜单（下拉分隔线）'),(1336,160,'4','','下拉菜单（菜单标题）'),(1337,160,'5','','下拉菜单（对齐方式）'),(1338,160,'6','','下拉菜单（菜单项状态）'),(1339,160,'7','','按钮（按钮组）'),(1340,160,'8','','按钮（按钮工具栏）'),(1341,160,'9','','按钮（嵌套分组）'),(1342,160,'10','',' 按钮（垂直分组）'),(1343,160,'11','',' 按钮（等分按钮）'),(1344,160,'12','',' 按钮下拉菜单'),(1345,160,'13','',' 按钮的向下向上三角形'),(1346,160,'14','',' 向上弹起的下拉菜单'),(1347,160,'15','',' 导航（基础样式）'),(1348,160,'16','',' 导航（标签形tab导航）'),(1349,160,'17','',' 导航（胶囊形(pills)导航）'),(1350,160,'18','',' 导航（垂直堆叠的导航）'),(1351,160,'19','',' 自适应导航（使用）'),(1352,160,'20','',' 自适应导航（实现原理）'),(1353,160,'21','',' 导航加下拉菜单（二级导航）'),(1354,160,'22','',' 面包屑式导航'),(1355,161,'1','','导航条基础'),(1356,161,'2','','基础导航条'),(1357,161,'3','','为导航条添加标题、二级菜单及状态'),(1358,161,'4','','带表单的导航条'),(1359,161,'5','','导航条中的按钮、文本和链接'),(1360,161,'6','','固定导航条'),(1361,161,'7','','响应式导航条'),(1362,161,'8','','反色导航条'),(1363,161,'9','','分页导航（带页码的分页导航）'),(1364,161,'10','',' 分页导航（翻页分页导航）'),(1365,161,'11','',' 标签'),(1366,161,'12','',' 徽章'),(1367,162,'1','','缩略图（一）'),(1368,162,'2','','缩略图（二）'),(1369,162,'3','','警示框'),(1370,162,'4','','警示框--默认警示框'),(1371,162,'5','','警示框--可关闭的警示框'),(1372,162,'6','','警示框--警示框的链接'),(1373,162,'7','','进度条'),(1374,162,'8','','进度条--基本样式'),(1375,162,'9','','进度条--彩色进度条'),(1376,162,'10','',' 进度条--条纹进度条'),(1377,162,'11','',' 进度条--动态条纹进度条'),(1378,162,'12','',' 进度条--层叠进度条'),(1379,162,'13','',' 进度条--带Label的进度条'),(1380,162,'14','',' 媒体对象'),(1381,162,'15','',' 媒体对象--默认媒体对象'),(1382,162,'16','',' 媒体对象--媒体对象的嵌套'),(1383,162,'17','',' 媒体对象--媒体对象列表'),(1384,162,'18','',' 列表组'),(1385,162,'19','',' 列表组--基础列表组'),(1386,162,'20','',' 列表组--带徽章的列表组'),(1387,162,'21','',' 列表组--带链接的列表组'),(1388,162,'22','',' 列表组--自定义列表组'),(1389,162,'23','',' 列表组--列表项的状态设置'),(1390,162,'24','',' 列表组--多彩列表组'),(1391,162,'25','',' 面板'),(1392,162,'26','',' 面板--基础面板'),(1393,162,'27','',' 面板--带有头和尾的面板'),(1394,162,'28','',' 面板--彩色面板'),(1395,162,'29','',' 面板--面板中嵌套表格'),(1396,162,'30','',' 面板--面板中嵌套列表组'),(1397,163,'1','','导入JavaScript插件'),(1398,163,'2','','动画过渡（Transitions）'),(1399,163,'3','','模态弹出框（Modals）'),(1400,163,'4','','模态弹出框--结构分析'),(1401,163,'5','','模态弹出框--实现原理解析（一）'),(1402,163,'6','','模态弹出框--实现原理解析（二）'),(1403,163,'7','','模态弹出框--触发模态弹出窗2种方法'),(1404,163,'8','','模态弹出框--为弹出框增加过度动画效果'),(1405,163,'9','','模态弹出框--模态弹出窗的使用（data-参数说明）'),(1406,163,'10','',' 模态弹出框--模态弹出窗的使用（JavaScript触发）'),(1407,163,'11','',' 模态弹出框--JavaScript触发时的参数设置（一）'),(1408,163,'12','',' 模态弹出框--JavaScript触发时的参数设置（二）'),(1409,164,'1','ocs3p05j9.bkt.clouddn.com/140948db1cc4-4f67-48e7-9376-941a5cb90f28.m3u8','课程简介 (02:18)'),(1410,173,'2','','练习题'),(1411,165,'1','ocs3p05j9.bkt.clouddn.com/1411a8556401-c48d-4baf-a642-0bd6516aeab6.m3u8','相关知识点讲解——标准文档流、块级及行级元素等 (06:26)'),(1412,165,'2','ocs3p05j9.bkt.clouddn.com/141280785333-ac6b-48bf-91dd-1e481d914faa.m3u8','盒子模型 (14:11)'),(1413,190,'3','','编程练习'),(1414,165,'4','','自动居中一列布局 (09:35)'),(1415,173,'5','','练习题'),(1416,173,'6','','练习题'),(1417,190,'7','','编程练习'),(1418,166,'1','','浮动布局简介及float属性 (08:31)'),(1419,166,'2','','清除浮动的常用方法 (05:27)'),(1420,166,'3','','横向两列布局 (15:22)'),(1421,173,'4','','练习题'),(1422,190,'5','','编程练习'),(1423,167,'1','','绝对定位布局简介 (01:45)'),(1424,167,'2','','相对定位 (04:34)'),(1425,167,'3','','绝对定位 (12:45)'),(1426,167,'4','','使用绝对定位实现横向两列布局 (06:53)'),(1427,173,'5','','练习题'),(1428,190,'6','','编程练习'),(1429,168,'1','','编程挑战'),(1430,169,'1','',' 简介及站点管理 (04:59)'),(1431,170,'1','','工作区概述及预览设置 (03:08)'),(1432,173,'2','','练习题'),(1433,171,'1','','首选参数的设置 (03:07)'),(1434,173,'2','','练习题'),(1435,172,'1','','关联标签及常用工具介绍 (06:36)'),(1436,173,'2','','练习题'),(1437,173,'1','','智能提示功能 (03:51)'),(1438,173,'2','','练习题'),(1439,174,'1','','设计窗口功能介绍 (03:12)'),(1440,175,'1','','W3C验证及浏览器兼容性 (01:59)'),(1441,176,'1','','CSS面板介绍 (04:44)'),(1442,177,'1','','属性面板和文件面板 (03:34)'),(1443,178,'1','','什么是CSS3？'),(1444,178,'2','','CSS3能做什么？'),(1445,187,'3','',' 多列布局——Columns'),(1446,187,'4','',' 多列布局——column-width'),(1447,187,'5','',' 多列布局——column-count'),(1448,187,'6','',' 列间距column-gap'),(1449,187,'7','',' 列表边框column-rule'),(1450,187,'8','',' 跨列设置column-span'),(1451,187,'9','',' 盒子模型'),(1452,187,'10','',' 伸缩布局（一）'),(1453,187,'11','',' 伸缩布局（二）'),(1454,188,'12','',' Media Queries——媒体类型（一）'),(1455,188,'13','',' media queries——媒体类型（二）'),(1456,188,'14','',' Media Queries使用方法'),(1457,188,'15','',' Responsive设计（一）'),(1458,188,'16','',' Responsive设计（二）'),(1459,188,'17','',' Responsive布局技巧'),(1460,188,'18','',' Responsive设计——meta标签'),(1461,188,'19','',' Responsive设计——不同设备的分辨率设置'),(1462,189,'20','',' 自由缩放属性resize'),(1463,189,'21','',' CSS3外轮廓属性'),(1464,189,'22','',' CSS生成内容'),(1465,189,'23','',' 制作3D旋转视频展示区'),(1466,179,'1','','圆角效果 border-radius'),(1467,179,'2','','阴影 box-shadow（一）'),(1468,179,'3','','阴影 box-shadow（二）'),(1469,179,'4','','为边框应用图片 border-image'),(1470,180,'1','','颜色之RGBA'),(1471,180,'2','','渐变色彩 '),(1472,181,'1','','text-overflow 与 word-wrap'),(1473,181,'2','','嵌入字体@font-face'),(1474,181,'3','','文本阴影text-shadow'),(1475,182,'1','','background-origin'),(1476,182,'2','','background-clip'),(1477,182,'3','','background-size'),(1478,182,'4','','multiple backgrounds'),(1479,182,'5','','制作导航菜单综合练习题'),(1480,183,'1','','属性选择器'),(1481,183,'2','','结构性伪类选择器—root'),(1482,183,'3','','结构性伪类选择器—not'),(1483,183,'4','','结构性伪类选择器—empty'),(1484,183,'5','','结构性伪类选择器—target'),(1485,183,'6','','结构性伪类选择器—first-child'),(1486,183,'7','','结构性伪类选择器—last-child'),(1487,183,'8','','结构性伪类选择器—nth-child(n)'),(1488,183,'9','','结构性伪类选择器—nth-last-child(n)'),(1489,183,'10','',' first-of-type选择器'),(1490,183,'11','',' nth-of-type(n)选择器'),(1491,183,'12','',' last-of-type选择器'),(1492,183,'13','',' nth-last-of-type(n)选择器'),(1493,183,'14','',' only-child选择器'),(1494,183,'15','',' only-of-type选择器'),(1495,184,'1','',':enabled选择器'),(1496,184,'2','',':disabled选择器'),(1497,184,'3','',':checked选择器'),(1498,184,'4','','::selection选择器'),(1499,184,'5','',':read-only选择器'),(1500,184,'6','',':read-write选择器'),(1501,184,'7','','::before和::after'),(1502,184,'8','','切换背景图像综合练习题'),(1503,185,'1','','变形--旋转 rotate()'),(1504,185,'2','','变形--扭曲 skew()'),(1505,185,'3','','变形--缩放 scale()'),(1506,185,'4','','变形--位移 translate()'),(1507,185,'5','','变形--矩阵 matrix()'),(1508,185,'6','','变形--原点 transform-origin'),(1509,185,'7','','动画--过渡属性 transition-property'),(1510,185,'8','','动画--过渡所需时间 transition-duration'),(1511,185,'9','','动画--过渡函数 transition-timing-function'),(1512,185,'10','',' 动画--过渡延迟时间 transition-delay'),(1513,186,'1','','Keyframes介绍'),(1514,186,'2','','调用动画'),(1515,186,'3','','设置动画播放时间'),(1516,186,'4','','设置动画播放方式'),(1517,186,'5','','设置动画开始播放的时间'),(1518,186,'6','','设置动画播放次数'),(1519,186,'7','','设置动画播放方向'),(1520,186,'8','','设置动画的播放状态'),(1521,186,'9','','设置动画时间外属性'),(1522,186,'10','',' 制作3D旋转导航综合练习题'),(1523,187,'1','',' 多列布局——Columns'),(1524,187,'2','',' 多列布局——column-width'),(1525,187,'3','',' 多列布局——column-count'),(1526,187,'4','',' 列间距column-gap'),(1527,187,'5','',' 列表边框column-rule'),(1528,187,'6','',' 跨列设置column-span'),(1529,187,'7','',' 盒子模型'),(1530,187,'8','',' 伸缩布局（一）'),(1531,187,'9','',' 伸缩布局（二）'),(1532,188,'1','',' Media Queries——媒体类型（一）'),(1533,188,'2','',' media queries——媒体类型（二）'),(1534,188,'3','',' Media Queries使用方法'),(1535,188,'4','',' Responsive设计（一）'),(1536,188,'5','',' Responsive设计（二）'),(1537,188,'6','',' Responsive布局技巧'),(1538,188,'7','',' Responsive设计——meta标签'),(1539,188,'8','',' Responsive设计——不同设备的分辨率设置'),(1540,189,'1','',' 自由缩放属性resize'),(1541,189,'2','',' CSS3外轮廓属性'),(1542,189,'3','',' CSS生成内容'),(1543,189,'4','',' 制作3D旋转视频展示区'),(1544,190,'1','','课程介绍 (01:27)'),(1545,190,'2','','六种数据类型 (02:58)'),(1546,190,'3','','隐式转换 (04:47)'),(1547,190,'4','','包装对象 (04:03)'),(1548,190,'5','','类型检测 (09:44)'),(1549,190,'6','','编程练习'),(1550,199,'7','',' 正则表达式 (18:56)'),(1551,191,'1','','表达式 (04:14)'),(1552,191,'2','','运算符 (08:45)'),(1553,192,'1','','block语句、var语句 (04:51)'),(1554,192,'2','',' try-catch语句 (03:05)'),(1555,192,'3','','函数、switch、循环 (04:52)'),(1556,192,'4','','严格模式 (07:45)'),(1557,193,'1','','对象概述 (04:19)'),(1558,193,'2','','创建对象、原型链 (08:02)'),(1559,193,'3','','属性操作 (13:15)'),(1560,193,'4','','get/set方法 (08:09)'),(1561,193,'5','','属性标签 (10:07)'),(1562,193,'6','','对象标签、对象序列化 (13:01)'),(1563,43,'1','','创建数组、数组操作 (12:13)'),(1564,43,'2','','二维数组、稀疏数组 (03:57)'),(1565,43,'3','','数组方法（上） (12:53)'),(1566,43,'4','','数组方法（下） (11:31)'),(1567,43,'5','','数组小结 (06:57)'),(1568,195,'1','','函数概述 (03:07)'),(1569,195,'2','','函数声明与表达式 (10:47)'),(1570,195,'3','','this (11:07)'),(1571,195,'4','','函数属性arguments (18:51)'),(1572,196,'1','','理解闭包 (09:32)'),(1573,196,'2','','作用域 (04:08)'),(1574,196,'3','','ES3执行上下文 (21:29)'),(1575,196,'4','','小结 (04:34)'),(1576,197,'1','','概念与继承 (13:48)'),(1577,197,'2','','再谈原型链 (08:26)'),(1578,197,'3','','prototype属性 (08:44)'),(1579,197,'4','','instanceof (05:12)'),(1580,197,'5','','实现继承的方式 (04:22)'),(1581,198,'1','','OOP(模拟重载、链式调用、模块化) (10:45)'),(1582,198,'2','','实践（探测器） (07:05)'),(1583,199,'1','',' 正则表达式 (18:56)');

/*Table structure for table `t_course` */

DROP TABLE IF EXISTS `t_course`;

CREATE TABLE `t_course` (
  `cou_id` int(11) NOT NULL AUTO_INCREMENT COMMENT '主键',
  `teacher_id` int(11) NOT NULL DEFAULT '-1' COMMENT '老师id',
  `label_id` int(11) NOT NULL DEFAULT '-1' COMMENT '标签id',
  `cou_name` varchar(40) NOT NULL DEFAULT '' COMMENT '课程名',
  `cou_brief` varchar(300) NOT NULL DEFAULT '' COMMENT '课程简介',
  `cou_anno` varchar(300) NOT NULL DEFAULT '' COMMENT '课程公告',
  `cou_rele_time` datetime NOT NULL DEFAULT '0000-00-00 00:00:00' COMMENT '课程发布时间',
  `cou_grade` enum('1','2','3','4') NOT NULL DEFAULT '1' COMMENT '1-初一 2-初二 3-初三 4-公众',
  `cou_pric_url` varchar(150) NOT NULL DEFAULT '' COMMENT '课程封面url',
  `cou_study_num` int(11) NOT NULL DEFAULT '0' COMMENT '课程学习人数',
  `cou_release` bit(1) NOT NULL DEFAULT b'0' COMMENT '0-未发布 1-已发布',
  `cou_updated` bit(1) NOT NULL DEFAULT b'0' COMMENT '是否更新完毕',
  PRIMARY KEY (`cou_id`),
  KEY `rea_gra_lab` (`cou_release`,`cou_grade`,`label_id`,`cou_rele_time`),
  KEY `user_rea` (`teacher_id`,`cou_release`)
) ENGINE=InnoDB AUTO_INCREMENT=45 DEFAULT CHARSET=utf8;

/*Data for the table `t_course` */

insert  into `t_course`(`cou_id`,`teacher_id`,`label_id`,`cou_name`,`cou_brief`,`cou_anno`,`cou_rele_time`,`cou_grade`,`cou_pric_url`,`cou_study_num`,`cou_release`,`cou_updated`) values (22,1,1,'Java入门第一季','\'','','2016-08-15 17:14:42','1','64ef4f3e-0de2-412d-acf3-2a053103fb01.jpg',0,'','\0'),(23,1,1,'PS入门教程——新手过招','\'','','2016-08-15 17:14:43','1','/WikeStudy/images/lesson/img_17.png',0,'','\0'),(24,1,1,'C语言入门','\'','','2016-08-15 17:17:10','1','/WikeStudy/images/lesson/img_17.png',0,'','\0'),(25,1,1,'JavaScript入门篇','\'','','2016-08-15 17:17:21','1','/WikeStudy/images/lesson/img_17.png',0,'','\0'),(26,1,1,'PHP入门篇','\'','','2016-08-15 17:17:19','1','/WikeStudy/images/lesson/img_17.png',0,'','\0'),(27,1,1,'Java入门第二季','\'','','2016-08-15 17:17:21','1','/WikeStudy/images/lesson/img_17.png',0,'','\0'),(28,1,1,'PS大神通关教程','\'','','2016-08-15 17:17:20','1','/WikeStudy/images/lesson/img_17.png',0,'','\0'),(29,1,1,'Android攻城狮的第一门课（入门篇）','\'','','2016-08-15 17:17:23','1','/WikeStudy/images/lesson/img_17.png',0,'','\0'),(30,1,1,'JavaScript进阶篇','\'','','2016-08-15 17:11:11','2','/WikeStudy/images/lesson/img_17.png',2,'','\0'),(31,1,1,' Linux达人养成计划 I','\'','','2016-08-15 17:17:18','2','/WikeStudy/images/lesson/img_17.png',0,'','\0'),(32,1,1,'Python入门','\'','','2016-08-15 17:17:20','1','/WikeStudy/images/lesson/img_17.png',0,'','\0'),(33,1,1,'jQuery基础课程','\'','','2016-08-15 17:17:18','2','/WikeStudy/images/lesson/img_17.png',0,'','\0'),(34,1,1,'Java入门第三季','\'','','2016-08-15 17:17:21','2','/WikeStudy/images/lesson/img_17.png',0,'','\0'),(35,1,1,'与MySQL的零距离接触','\'','','2016-08-15 17:17:22','1','/WikeStudy/images/lesson/img_17.png',0,'','\0'),(36,1,1,'玩转Bootstrap（基础）','\'','','2016-08-15 17:17:23','1','/WikeStudy/images/lesson/img_17.png',0,'','\0'),(37,1,1,'网页布局基础','\'','','2016-08-15 17:17:24','1','/WikeStudy/images/lesson/img_17.png',0,'\0','\0'),(38,1,1,'前端开发工具技巧介绍—DW篇','\'','','2016-08-15 17:17:29','1','/WikeStudy/images/lesson/img_17.png',0,'','\0'),(39,1,1,'十天精通CSS3','\'','','2016-08-15 17:17:30','1','/WikeStudy/images/lesson/img_17.png',0,'','\0'),(40,1,1,'JavaScript深入浅出','\'','','2016-08-15 17:17:29','1','/WikeStudy/images/lesson/img_17.png',0,'','\0'),(41,1,13,'sdA','DSADAS','','2016-08-15 17:17:27','1','/WikeStudy/images/lesson\\\\888e83af-11df-44e2-bfd6-106ef425485e.jpg',0,'','\0'),(42,1,13,'DSDAS','DSADAS','','2016-08-15 17:17:30','1','/WikeStudy/images/lesson\\\\93c1894a-cfe2-4d76-adb2-d58813ea7bf3.jpg',0,'','\0'),(43,1,13,'11','111','无最新公告','2016-09-03 20:42:46','1','/ddc5fb70-1e1c-4f5a-a3a9-2cc0f64fb3a1.jpg',0,'\0','\0'),(44,1,13,'22','222','无最新公告','2016-09-03 20:43:10','1','/304b0c21-ba6d-4bce-bbf7-d66f851f1c06.jpg',0,'\0','\0');

/*Table structure for table `t_data` */

DROP TABLE IF EXISTS `t_data`;

CREATE TABLE `t_data` (
  `data_id` int(11) NOT NULL AUTO_INCREMENT COMMENT '主键',
  `data_binding` int(11) NOT NULL COMMENT '文件绑定的章节或课时id',
  `data_mark` bit(1) NOT NULL DEFAULT b'1' COMMENT '0-章节资源, 1-课时资源',
  `data_name` varchar(50) NOT NULL DEFAULT '' COMMENT '文件名',
  `data_size` bigint(15) NOT NULL DEFAULT '0' COMMENT '文件大小',
  `data_root` varchar(400) NOT NULL DEFAULT '' COMMENT '文件路径',
  `data_des` varchar(200) NOT NULL DEFAULT '' COMMENT '文件描述',
  `data_download` int(11) NOT NULL DEFAULT '0' COMMENT '下载量',
  PRIMARY KEY (`data_id`),
  KEY `bind_mark` (`data_binding`,`data_mark`)
) ENGINE=InnoDB AUTO_INCREMENT=79 DEFAULT CHARSET=utf8;

/*Data for the table `t_data` */

insert  into `t_data`(`data_id`,`data_binding`,`data_mark`,`data_name`,`data_size`,`data_root`,`data_des`,`data_download`) values (48,98,'','网络组考核项目——李伟淙.docx',14516,'E:\\com\\lwc\\frame\\.metadata\\.plugins\\org.eclipse.wst.server.core\\tmp0\\wtpwebapps\\WikeStudy\\E:\\com\\lwc\\frame\\.metadata\\.plugins\\org.eclipse.wst.server.core\\tmp0\\wtpwebapps\\WikeStudy\\WEB-INF\\course\\30\\45b0ab46-48f2-4e88-b178-6934912c8d65网络组考核项目——李伟淙.docx','',0),(49,98,'','网络组考核项目——李伟淙.docx',14516,'E:\\com\\lwc\\frame\\.metadata\\.plugins\\org.eclipse.wst.server.core\\tmp0\\wtpwebapps\\WikeStudy\\WEB-INF\\course\\30\\1553c70f-f006-43c6-97a6-6e1141628dda.docx','',2),(51,751,'\0','网络组考核项目——李伟淙.docx',14516,'E:\\com\\lwc\\frame\\.metadata\\.plugins\\org.eclipse.wst.server.core\\tmp0\\wtpwebapps\\WikeStudy\\WEB-INF\\course\\30\\4837f5cb-5786-4a9b-a386-5e64a74d2243.docx','',0),(52,751,'\0','网络组考核项目——李伟淙.docx',14516,'E:\\com\\lwc\\frame\\.metadata\\.plugins\\org.eclipse.wst.server.core\\tmp0\\wtpwebapps\\WikeStudy\\WEB-INF\\course\\30\\7bd8ec4b-82a7-4ddc-858e-b781f6937244.docx','',0),(61,751,'\0','网络组考核项目——李伟淙.docx',14516,'E:\\com\\lwc\\frame\\.metadata\\.plugins\\org.eclipse.wst.server.core\\tmp0\\wtpwebapps\\WikeStudy\\WEB-INF\\course\\30\\1da73d18-6938-4f52-a7b4-b63a66d都是71fac.docx','',3),(63,38,'','152G14036-0.jpg',50419,'E:\\com\\lwc\\QG\\.metadata\\.plugins\\org.eclipse.wst.server.core\\tmp0\\wtpwebapps\\wikestudy\\WEB-INF\\course\\22\\5b773f75-7369-480a-8e47-9795f2f5224f.jpg','',1),(64,62,'\0','C语言解惑(中文版).pdf',18277895,'E:\\com\\lwc\\QG\\.metadata\\.plugins\\org.eclipse.wst.server.core\\tmp0\\wtpwebapps\\wikestudy\\WEB-INF\\course\\22\\4312e46e-665a-4917-ad8f-1e71dc815e90.pdf','',0),(66,164,'','C语言解惑(中文版).pdf',18277895,'E:\\com\\lwc\\QG\\.metadata\\.plugins\\org.eclipse.wst.server.core\\tmp0\\wtpwebapps\\wikestudy\\WEB-INF\\course\\37\\50ebb003-73bf-4724-a489-e6e45b3df156.pdf','',0),(67,164,'','Head+First+Servlets+and+JSP+.pdf',19201538,'E:\\com\\lwc\\QG\\.metadata\\.plugins\\org.eclipse.wst.server.core\\tmp0\\wtpwebapps\\wikestudy\\WEB-INF\\course\\37\\907d9c3a-2ce4-46db-b106-dc05242a19ae.pdf','',0),(68,164,'','Head+First+Servlets+and+JSP+.rar',13632524,'E:\\com\\lwc\\QG\\.metadata\\.plugins\\org.eclipse.wst.server.core\\tmp0\\wtpwebapps\\wikestudy\\WEB-INF\\course\\37\\26795d2d-fc8e-440a-9a8f-ced30bc49018.rar','',0),(69,38,'','[脚本之家]深入理解计算机系统(原书第2版)[www.jb51.net].pdf',155729706,'E:\\com\\lwc\\QG\\.metadata\\.plugins\\org.eclipse.wst.server.core\\tmp0\\wtpwebapps\\wikestudy\\WEB-INF\\course\\22\\8e6ebf4f-bddc-4e8a-9581-17cb63f90ce3.pdf','',0),(70,38,'','[脚本之家]深入理解计算机系统(原书第2版)[www.jb51.net].pdf',155729706,'E:\\com\\lwc\\QG\\.metadata\\.plugins\\org.eclipse.wst.server.core\\tmp0\\wtpwebapps\\wikestudy\\WEB-INF\\course\\22\\a361c6fb-c6b1-44ec-a403-33eabbfedbc2.pdf','',0),(71,38,'','[脚本之家]深入理解计算机系统(原书第2版)[www.jb51.net].pdf',155729706,'E:\\com\\lwc\\QG\\.metadata\\.plugins\\org.eclipse.wst.server.core\\tmp0\\wtpwebapps\\wikestudy\\WEB-INF\\course\\22\\0e24ed40-9e97-44a3-976d-21e10253cd72.pdf','',0),(72,38,'','[脚本之家]深入理解计算机系统(原书第2版)[www.jb51.net].pdf',155729706,'E:\\com\\lwc\\QG\\.metadata\\.plugins\\org.eclipse.wst.server.core\\tmp0\\wtpwebapps\\wikestudy\\WEB-INF\\course\\22\\10f2e396-1646-4910-a3e5-4b6d82754480.pdf','',0),(73,38,'','beginning_database_design_2nd_edition.pdf',14914719,'E:\\com\\lwc\\QG\\.metadata\\.plugins\\org.eclipse.wst.server.core\\tmp0\\wtpwebapps\\wikestudy\\WEB-INF\\course\\22\\a80bd2e4-008f-45b8-9f5e-641946526520.pdf','',0),(74,38,'','[鸟哥的Linux私房菜]基础学习篇(第三版).pdf',26875301,'E:\\com\\lwc\\QG\\.metadata\\.plugins\\org.eclipse.wst.server.core\\tmp0\\wtpwebapps\\wikestudy\\WEB-INF\\course\\22\\e62961fb-db85-4a08-bc2d-dbde5d157762.pdf','',1),(75,38,'','[鸟哥的Linux私房菜]基础学习篇(第三版).pdf',26875301,'E:\\com\\lwc\\QG\\.metadata\\.plugins\\org.eclipse.wst.server.core\\tmp0\\wtpwebapps\\wikestudy\\WEB-INF\\course\\22\\330c3581-5b8e-47df-bc08-debcc9ec31b3.pdf','',2),(76,38,'','[脚本之家]深入理解计算机系统(原书第2版)[www.jb51.net].pdf',155729706,'E:\\com\\lwc\\QG\\.metadata\\.plugins\\org.eclipse.wst.server.core\\tmp0\\wtpwebapps\\wikestudy\\WEB-INF\\course\\22\\d756d270-dc35-48c3-80bc-f6acd7a2337d.pdf','',0),(77,38,'','student.xlsx',44582,'E:\\com\\lwc\\QG\\.metadata\\.plugins\\org.eclipse.wst.server.core\\tmp0\\wtpwebapps\\wikestudy\\WEB-INF\\course\\22\\40a0a44d-54ef-4492-ab70-476c5347f064.xlsx','',1),(78,1409,'\0','【BT天堂】【BTtiantang.com】[720p]星球大战7：原力觉醒.1.69GB (1).',35601,'E:\\com\\lwc\\study\\.metadata\\.plugins\\org.eclipse.wst.server.core\\tmp0\\wtpwebapps\\wikestudy\\WEB-INF\\course\\37\\8a3878df-2d82-4273-a431-9c4c7670aa34.torrent','',0);

/*Table structure for table `t_label` */

DROP TABLE IF EXISTS `t_label`;

CREATE TABLE `t_label` (
  `lab_id` int(11) NOT NULL AUTO_INCREMENT COMMENT '主键',
  `lab_name` varchar(30) NOT NULL DEFAULT '' COMMENT '标签名字',
  `lab_cib` varchar(150) NOT NULL DEFAULT '' COMMENT '标签内容介绍',
  PRIMARY KEY (`lab_id`)
) ENGINE=InnoDB AUTO_INCREMENT=35 DEFAULT CHARSET=utf8;

/*Data for the table `t_label` */

insert  into `t_label`(`lab_id`,`lab_name`,`lab_cib`) values (13,'数学','数学是一门高深的课程'),(14,'英语','英语是一门很重要的课程'),(15,'信息技术','所有信息技术'),(16,'化学','啊'),(17,'物理','啊啊啊啊啊啊啊啊啊啊啊啊啊啊啊啊啊啊啊啊啊啊啊啊啊啊啊啊啊啊啊啊啊啊啊啊啊啊啊啊啊啊啊啊啊啊啊啊啊啊啊啊啊啊啊啊啊啊啊啊啊啊啊啊啊啊啊啊啊啊啊啊啊啊啊啊啊啊啊啊啊啊啊啊啊啊啊啊啊啊啊啊啊啊啊啊啊啊啊啊啊啊啊啊啊啊啊啊啊啊啊啊啊啊啊啊啊啊啊啊啊啊啊啊啊啊啊啊啊啊啊啊啊啊啊啊啊啊啊啊啊啊啊啊啊啊啊啊啊'),(18,'生物',''),(19,'计算机操作系统',''),(20,'高等数学',''),(21,'马克思主义学科',''),(22,'行为心理学','行为心理学是什么'),(23,'恋爱心理学',''),(24,'临床医学',''),(25,'中医药',''),(27,'编程',''),(28,'C语言',''),(29,'JAVA',''),(30,'C++',''),(31,'HTML',''),(32,'前端',''),(33,'后台',''),(34,'信息技术与技术化','');

/*Table structure for table `t_message` */

DROP TABLE IF EXISTS `t_message`;

CREATE TABLE `t_message` (
  `mess_id` int(11) NOT NULL AUTO_INCREMENT COMMENT '主键',
  `mess_master_id` int(11) NOT NULL COMMENT '留言板主人id',
  `mess_master_mark` bit(1) NOT NULL DEFAULT b'0' COMMENT '主人类型 0-学生 1-老师',
  `mess_binding` int(11) NOT NULL DEFAULT '0' COMMENT '0-留言; 其他-留言的回复',
  `mess_content` varchar(200) NOT NULL DEFAULT '' COMMENT '留言内容',
  `mess_sender_id` int(11) NOT NULL COMMENT '留言者id',
  `mess_time` datetime NOT NULL COMMENT '留言时间',
  `mess_sender_mark` bit(1) NOT NULL DEFAULT b'0' COMMENT '回复者用户类型 0-学生 1-老师',
  `mess_has_read` bit(1) NOT NULL DEFAULT b'0' COMMENT '0-未读 1-已读',
  PRIMARY KEY (`mess_id`),
  KEY `mas_bind` (`mess_master_mark`,`mess_master_id`,`mess_binding`),
  KEY `bind` (`mess_binding`)
) ENGINE=InnoDB AUTO_INCREMENT=113 DEFAULT CHARSET=utf8;

/*Data for the table `t_message` */

insert  into `t_message`(`mess_id`,`mess_master_id`,`mess_master_mark`,`mess_binding`,`mess_content`,`mess_sender_id`,`mess_time`,`mess_sender_mark`,`mess_has_read`) values (56,374,'\0',0,'东海，我是树安，还记得我嘛？',373,'2016-05-06 13:16:09','\0','\0'),(57,11,'\0',56,'当然记得啦，你可以带我的师兄呢',374,'2016-05-06 13:17:48','\0','\0'),(58,374,'\0',56,'还算你有良心 你这个臭小子还记得我',373,'2016-05-06 13:18:11','\0','\0'),(59,373,'\0',56,'哈哈，我可不像其他人那样，我当然会记得你啦',374,'2016-05-06 13:18:36','\0','\0'),(60,22,'\0',0,'哈哈哈哈',369,'2016-05-06 18:45:13','\0','\0'),(61,22,'\0',60,'哈哈哈哈',369,'2016-05-06 18:45:45','\0','\0'),(62,369,'\0',60,'哈哈哈',369,'2016-05-06 18:45:56','\0','\0'),(63,369,'\0',0,'哈哈哈',369,'2016-05-06 18:46:00','\0','\0'),(64,369,'\0',0,'不要吵',369,'2016-05-06 18:46:10','\0','\0'),(65,369,'\0',0,'哈哈哈哈哈哈哈哈哈哈哈哈哈哈哈哈哈哈哈哈哈哈哈哈哈哈哈哈哈哈哈哈哈哈哈哈哈哈哈哈哈哈哈哈哈哈哈哈哈哈哈哈哈哈哈哈哈哈哈哈哈哈哈哈哈哈哈哈哈哈哈哈哈哈哈哈哈哈哈哈哈哈哈哈哈哈哈哈哈哈哈哈',369,'2016-05-06 18:46:19','\0','\0'),(66,369,'\0',0,'啊啊啊啊啊啊啊啊啊啊啊啊啊啊啊啊啊啊啊啊啊啊啊啊啊啊啊啊啊啊啊啊啊啊啊啊啊啊啊啊啊啊啊啊啊啊啊啊啊啊啊啊啊啊啊啊啊啊啊啊啊啊啊啊啊啊啊啊啊啊啊啊啊啊啊啊啊啊啊啊啊啊啊啊啊啊啊啊啊啊啊啊啊啊啊啊啊啊啊啊啊啊啊啊啊啊啊啊啊啊啊啊啊啊啊啊啊啊啊啊啊啊啊啊啊啊啊啊啊啊啊啊啊啊啊啊啊啊啊啊',369,'2016-05-06 18:46:27','\0','\0'),(69,386,'\0',0,'HAHA ',369,'2016-08-15 21:41:25','\0','\0'),(70,369,'\0',69,'HAHA',369,'2016-08-15 21:41:29','\0','\0'),(71,369,'\0',69,'haha ',369,'2016-08-15 21:45:44','\0','\0'),(73,1,'',0,'哈哈',1,'2016-08-15 22:17:56','','\0'),(75,1,'',0,'哈哈',369,'2016-08-15 22:19:17','\0','\0'),(76,386,'\0',0,'HAHA',369,'2016-08-16 11:29:40','\0','\0'),(77,386,'\0',0,'HAHA',369,'2016-08-16 11:29:42','\0','\0'),(78,386,'\0',0,'HAHA',369,'2016-08-16 11:29:43','\0','\0'),(79,386,'\0',0,'AHAHAHA',369,'2016-08-16 11:29:46','\0','\0'),(80,386,'\0',0,'DSA',369,'2016-08-16 11:29:47','\0','\0'),(81,386,'\0',0,'DASDA',369,'2016-08-16 11:29:48','\0','\0'),(82,386,'\0',0,'FZXC',369,'2016-08-16 11:29:49','\0','\0'),(83,386,'\0',0,'SDASZX',369,'2016-08-16 11:29:51','\0','\0'),(84,386,'\0',0,'CZXCAS',369,'2016-08-16 11:29:52','\0','\0'),(85,386,'\0',0,'CZXCASFA',369,'2016-08-16 11:29:54','\0','\0'),(86,386,'\0',0,'ZZZ',369,'2016-08-16 11:29:57','\0','\0'),(87,386,'\0',0,'ZZZZZZ',369,'2016-08-16 11:30:03','\0','\0'),(88,386,'\0',0,'ZZZZ',369,'2016-08-16 11:30:21','\0','\0'),(89,369,'\0',0,'aaa',369,'2016-08-16 11:36:08','\0','\0'),(90,369,'\0',0,'aaa',369,'2016-08-16 11:36:10','\0','\0'),(91,369,'\0',0,'aa',369,'2016-08-16 11:36:12','\0','\0'),(92,369,'\0',0,'aaa',369,'2016-08-16 11:36:13','\0','\0'),(93,369,'\0',0,'aaa',369,'2016-08-16 11:36:14','\0','\0'),(94,369,'\0',0,'aaa',369,'2016-08-16 11:36:15','\0','\0'),(95,369,'\0',0,'aaaa',369,'2016-08-16 11:36:16','\0','\0'),(96,369,'\0',0,'aaaa',369,'2016-08-16 11:36:18','\0','\0'),(97,369,'\0',0,'aaaa',369,'2016-08-16 11:36:19','\0','\0'),(98,369,'\0',0,'aaaa',369,'2016-08-16 11:36:20','\0','\0'),(99,369,'\0',0,'aaaa',369,'2016-08-16 11:36:21','\0','\0'),(100,1,'',0,'haha',369,'2016-08-16 11:39:38','\0','\0'),(101,1,'',0,'aa',369,'2016-08-16 11:39:40','\0','\0'),(102,1,'',0,'aa',369,'2016-08-16 11:39:41','\0','\0'),(103,1,'',0,'aa',369,'2016-08-16 11:39:42','\0','\0'),(104,1,'',0,'aa',369,'2016-08-16 11:39:43','\0','\0'),(105,1,'',0,'aaa',369,'2016-08-16 11:39:44','\0','\0'),(106,1,'',0,'aa',369,'2016-08-16 11:39:45','\0','\0'),(107,1,'',0,'aa',369,'2016-08-16 11:39:46','\0','\0'),(108,1,'',0,'aa',369,'2016-08-16 11:39:47','\0','\0'),(109,1,'',0,'aa',369,'2016-08-16 11:39:48','\0','\0'),(110,1,'',0,'aa',369,'2016-08-16 11:39:49','\0','\0'),(111,1,'',0,'aa',369,'2016-08-16 11:39:50','\0','\0'),(112,1,'',0,'aa',369,'2016-08-16 11:39:51','\0','\0');

/*Table structure for table `t_note_dis` */

DROP TABLE IF EXISTS `t_note_dis`;

CREATE TABLE `t_note_dis` (
  `n_d_id` int(11) NOT NULL AUTO_INCREMENT COMMENT '主键',
  `stu_id` int(11) NOT NULL COMMENT '学生id',
  `sec_id` int(11) NOT NULL COMMENT '课程节id',
  `n_d_content` varchar(600) NOT NULL DEFAULT '' COMMENT '笔记内容',
  `n_d_rele_time` datetime NOT NULL COMMENT '发布时间',
  `n_d_mark` bit(1) NOT NULL DEFAULT b'0' COMMENT '0-笔记 1-评论',
  PRIMARY KEY (`n_d_id`)
) ENGINE=InnoDB AUTO_INCREMENT=26 DEFAULT CHARSET=utf8;

/*Data for the table `t_note_dis` */

insert  into `t_note_dis`(`n_d_id`,`stu_id`,`sec_id`,`n_d_content`,`n_d_rele_time`,`n_d_mark`) values (1,369,751,'搭搭讪','2016-05-09 21:39:47',''),(2,369,751,'大大','2016-05-09 22:10:11','\0'),(3,369,751,'CSA ','2016-05-09 23:10:30',''),(4,369,751,'CSA ','2016-05-09 23:10:31',''),(5,369,751,'CSA ','2016-05-09 23:10:38',''),(6,0,751,'hahaha','2016-05-12 22:26:04','\0'),(7,0,751,'hahaha','2016-05-12 22:46:40','\0'),(8,0,751,'hahaha','2016-05-12 22:46:42','\0'),(9,0,751,'hahaha','2016-05-12 22:46:46','\0'),(10,0,751,'hahaha','2016-05-12 22:47:31','\0'),(11,0,751,'的','2016-05-12 23:07:31','\0'),(12,0,751,'的','2016-05-12 23:07:33','\0'),(13,0,751,'啊','2016-05-12 23:18:09','\0'),(14,0,751,'啊','2016-05-12 23:18:09','\0'),(15,0,751,'啊','2016-05-12 23:18:11','\0'),(16,0,751,'啊','2016-05-12 23:18:13','\0'),(17,0,751,'啊','2016-05-12 23:18:13','\0'),(18,0,751,'啊','2016-05-12 23:18:13','\0'),(19,0,751,'啊','2016-05-12 23:18:13','\0'),(20,0,751,'的','2016-05-12 23:18:25','\0'),(21,0,751,'的','2016-05-12 23:19:22','\0'),(22,0,751,'的','2016-05-12 23:19:36','\0'),(23,0,751,'啊','2016-05-12 23:20:38','\0'),(24,0,751,'啊','2016-05-12 23:20:41','\0'),(25,0,751,'啊','2016-05-12 23:21:01','\0');

/*Table structure for table `t_pow_relative` */

DROP TABLE IF EXISTS `t_pow_relative`;

CREATE TABLE `t_pow_relative` (
  `p_rel_id` int(11) NOT NULL AUTO_INCREMENT COMMENT '主键',
  `p_rel_tea_id` int(11) NOT NULL COMMENT '老师id',
  `p_rel_pow_id` int(11) NOT NULL COMMENT '权限id',
  PRIMARY KEY (`p_rel_id`)
) ENGINE=InnoDB DEFAULT CHARSET=utf8;

/*Data for the table `t_pow_relative` */

/*Table structure for table `t_power` */

DROP TABLE IF EXISTS `t_power`;

CREATE TABLE `t_power` (
  `pow_id` int(11) NOT NULL AUTO_INCREMENT COMMENT '主键',
  `pow_des` varchar(20) NOT NULL COMMENT '权限描述',
  PRIMARY KEY (`pow_id`)
) ENGINE=InnoDB DEFAULT CHARSET=utf8;

/*Data for the table `t_power` */

/*Table structure for table `t_question` */

DROP TABLE IF EXISTS `t_question`;

CREATE TABLE `t_question` (
  `que_id` int(11) NOT NULL AUTO_INCREMENT COMMENT '主键',
  `que_num` int(11) NOT NULL COMMENT '问题序列号,出题者出题改题依据',
  `que_type` varchar(11) NOT NULL COMMENT '题目类型 1-选择 2-判断 3-填空',
  `que_content` varchar(400) NOT NULL COMMENT '问题内容描述',
  `que_option` varchar(400) NOT NULL COMMENT '问题选项 分号隔开',
  `que_answer` varchar(200) NOT NULL COMMENT '问题答案',
  `que_explain` varchar(400) NOT NULL COMMENT '问题解释',
  `que_correct_num` int(11) NOT NULL COMMENT '问题的答题正确数',
  `que_person_num` int(11) NOT NULL COMMENT '问题的答题人数',
  `cha_sec_id` int(11) NOT NULL COMMENT '章/节id',
  `cha_sec_type` varchar(5) NOT NULL DEFAULT '' COMMENT '0-章 1-节',
  `maker_id` int(11) NOT NULL COMMENT '出题人',
  PRIMARY KEY (`que_id`),
  KEY `sec` (`cha_sec_id`)
) ENGINE=InnoDB AUTO_INCREMENT=66 DEFAULT CHARSET=utf8;

/*Data for the table `t_question` */

insert  into `t_question`(`que_id`,`que_num`,`que_type`,`que_content`,`que_option`,`que_answer`,`que_explain`,`que_correct_num`,`que_person_num`,`cha_sec_id`,`cha_sec_type`,`maker_id`) values (1,0,'option','11','11;11;11;11;','D','111',0,0,16,'节',1),(2,0,'judge','11','','N','111',0,0,16,'节',1),(3,0,'fill','11','','11','11',0,0,16,'节',1),(4,0,'option','1','1;1;1;1;','A','1',0,0,16,'节',1),(5,0,'judge','1','','Y','1',0,0,16,'节',1),(6,0,'fill','1','','111','1',0,0,16,'节',1),(9,0,'option','啊阿达','啊打;class=\"input\";;啊;','B','啊',0,0,764,'节',1),(10,0,'judge','啊','','Y','啊',0,0,764,'节',1),(11,0,'fill','啊','','啊','啊',0,0,764,'节',1),(12,0,'fill','','','','',0,0,758,'节',1),(13,0,'option','哈哈',' 嘎嘎 ; 啊 ; 啊 ; 啊 ;','B','哈哈',0,0,104,'节',1),(15,0,'option','啊','啊 ;啊 ;啊 ;啊 ;','A','啊',0,0,358,'节',1),(16,0,'judge','啊','','Y','啊',0,0,358,'节',1),(17,0,'fill','啊','','啊','啊',0,0,358,'节',1),(18,0,'option','啊','啊 ;啊 ;啊 ;啊 ;','B','啊',0,0,105,'节',1),(19,0,'judge','啊','','Y','啊',0,0,105,'节',1),(20,0,'fill','啊','','啊','啊',0,0,105,'节',1),(21,0,'option','a','ArrayList myList=new Object（）； ;next;ArrayList myList=new Object（）； ;next;ArrayList myList=new Object（）； ;next;ArrayList myList=new Object（）； ;next;','B','a ',0,0,164,'节',1),(22,0,'judge','a ','','Y','',0,0,164,'节',1),(23,0,'fill','a','','a','a',0,0,164,'节',1),(34,0,'judge','啊','','Y','啊',0,0,255,'节',1),(35,0,'fill','啊','','啊','啊',0,0,255,'节',1),(39,0,'option','欲构造ArrayList类的一个实例，此类继承了List接口，下列哪个方法是正确的 ？','ArrayList myList=new Object（）； ;next;List myList=new ArrayList（）； ;next;ArrayList myList=new List（）； ;next;List myList=new List（）； ;next;','B','ArrayList 实现了 List 接口，所以它可以向上转型赋值给 List，List是一个接口，所以他不能够直接通过new来创建对象',0,1,751,'节',1),(40,0,'option','paint()方法使用哪种类型的参数? ','Graphics  ;next;Graphics2D ;next;String ;next;Color  ;next;','A','Graphics 是画笔类，具体使用请查看 API 文档',1,1,751,'节',1),(41,0,'option','指出正确的表达式','byte=128; ;next;Boolean=null; ;next;long l=0xfffL; ;next;double=0.9239d;  ;next;','D','定义对象变量需指定变量类型，变量名，和值',0,1,751,'节',1),(42,0,'option','要从文件\" file.dat\"文件中读出第10个字节到变量C中,下列哪个方法适合?','FileInputStream in=new FileInputStream(\\\"123\"); ;next;FileInputStream in=new FileInputStream( ;next;FileInputStream in=new FileInputStream( ;next;RandomAccessFile in=new RandomAccessFile( ;next;','D','具体用法请查看API文档',0,1,751,'节',1),(43,0,'option','容器被重新设置大小后，哪种布局管理器的容器中的组件大小不随容器大小的变化而改变？','CardLayout ;next;FlowLayout ;next;BorderLayout ;next;GridLayout ;next;','B','详情请查看流式布局的使用方法',0,1,751,'节',1),(44,0,'option','哪个关键字可以对对象加互斥锁？','transient  ;next;synchronized  ;next;serialize ;next;static ;next;','B','详情请看46个关键字',0,1,751,'节',1),(45,0,'option','下列哪些语句关于内存回收的说明是正确的?','程序员必须创建一个线 ;next;内存回收程序负责释放无用内存 ;next;内存回收程序允许程序员直接释放内存 ;next;内存回收程序可以在指定的时间释放内存对象 ;next;','C','java 拥有自己的对象回收机制，他不需要程序员显示释放对象的内存，当然程序员也可以按照自己的需要来释放内存空间',0,1,751,'节',1),(46,0,'judge','利用equals()方法判定Date类时，判断的是对象的值而不是对象的地址。','','Y','Data已经重写了他的equals方法 ',0,1,751,'节',1),(47,0,'judge','类加载器加载程序运行所需要的所有类，它通过区分本机文件系统的类和网络系统导入的类增加安全性。','','Y','这是 JVM 的底层的实现，详情可以看深入理解 java 虚拟机',0,1,751,'节',1),(48,0,'judge',' == 操作符判定两个分立的对象的内容和类型是否一致','','N','两个对象使用 使用 == 操作符会判断他们的引用是否引用同一块地址',0,1,751,'节',1),(49,0,'judge',' equals()方法只有在两个对象的内容一致时返回true。','','N','equals返回值需要看使用者是否重写过equals方法',0,1,751,'节',1),(50,0,'judge','调用System.gc()方法不能保证JVM立即进行垃圾收集，而只能是建议','','Y','对，他只是告诉系统可以进行垃圾回收，但是具体回收的时间不确定，JVM会根据当前内存的使用情况而做出相应的回收策略',0,1,751,'节',1),(51,0,'fill','面向对象程序设计的三个特征是______','','封装、多态\\','这是面向对象的三大特性',0,1,751,'节',1),(52,0,'fill','Java是面向对象语言，类是客观事物的____，而对象是类的____。','','抽象、实例','',0,1,751,'节',1),(53,0,'fill','______是Java程序中基本的结构单位。','','类','',0,1,751,'节',1),(54,0,'option','1','1 ;next;11 ;next;1 ;next;1 ;next;','A','1',0,0,357,'节',1),(55,0,'option','1','1 ;next;1 ;next;1 ;next;1 ;next;','B','1',0,0,357,'节',1),(56,0,'judge','1','','Y','1',0,0,357,'节',1),(57,0,'judge','1','','Y','1',0,0,357,'节',1),(58,0,'fill','1','','111','1',0,0,357,'节',1),(59,0,'fill','1','','11','1',0,0,357,'节',1),(60,0,'option','1','11 ;next;11 ;next;1 ;next;12 ;next;','A','1',0,0,1409,'节',1),(61,0,'judge','1','','Y','1',0,0,1409,'节',1),(62,0,'fill','1','','111','1',0,0,1409,'节',1),(63,0,'option','1','11 ;next;11 ;next;1 ;next;11 ;next;','B','1',0,0,1409,'节',1),(64,0,'judge','1','','Y','1',0,0,1409,'节',1),(65,0,'fill','1','','1','1',0,0,1409,'节',1);

/*Table structure for table `t_record` */

DROP TABLE IF EXISTS `t_record`;

CREATE TABLE `t_record` (
  `id` int(11) NOT NULL AUTO_INCREMENT,
  `user_id` int(11) NOT NULL COMMENT '用户',
  `study_time` bigint(11) NOT NULL DEFAULT '0' COMMENT '本周学习时间',
  `dis_num` int(11) NOT NULL DEFAULT '0' COMMENT '本周讨论次数',
  PRIMARY KEY (`id`),
  KEY `userID` (`user_id`)
) ENGINE=InnoDB AUTO_INCREMENT=412 DEFAULT CHARSET=utf8;

/*Data for the table `t_record` */

insert  into `t_record`(`id`,`user_id`,`study_time`,`dis_num`) values (302,369,3957976,15),(303,370,0,0),(304,371,0,13),(305,372,0,0),(306,373,0,0),(307,374,0,0),(308,375,0,0),(309,376,0,0),(310,377,0,0),(311,378,0,0),(312,379,0,0),(313,380,0,0),(314,381,0,0),(315,382,0,0),(316,383,0,0),(317,384,0,0),(318,385,0,0),(319,386,0,0),(320,387,0,0),(321,388,0,0),(322,389,0,0),(323,390,0,0),(324,391,0,0),(325,392,0,0),(326,393,0,0),(327,394,0,0),(328,395,0,0),(329,396,0,0),(330,397,0,0),(331,398,0,0),(332,399,0,0),(333,400,0,0),(334,401,0,0),(335,402,0,0),(336,403,0,0),(337,404,0,0),(338,405,0,0),(339,406,0,0),(340,407,0,0),(341,408,0,0),(342,409,0,0),(343,410,0,0),(344,411,0,0),(345,412,0,0),(346,413,0,0),(347,414,0,0),(348,415,0,0),(349,416,0,0),(350,417,0,0),(351,418,0,0),(352,419,0,0),(353,420,0,0),(354,421,0,0),(355,422,0,0),(356,423,0,0),(357,424,0,0),(358,425,0,0),(359,426,0,0),(360,427,0,0),(361,428,0,0),(362,429,0,0),(363,430,0,0),(364,431,0,0),(365,432,0,0),(366,433,0,0),(367,434,0,0),(368,435,0,0),(369,436,0,0),(370,437,0,0),(371,438,0,0),(372,439,0,0),(373,440,0,0),(374,441,0,0),(375,442,0,0),(376,443,0,0),(377,444,0,0),(378,445,0,0),(379,446,0,0),(380,447,0,0),(381,448,0,0),(382,449,0,0),(383,450,0,0),(384,451,0,0),(385,452,0,0),(386,453,0,0),(387,454,0,0),(388,455,0,0),(389,456,0,0),(390,457,0,0),(391,458,0,0),(392,459,0,0),(393,460,0,0),(394,461,0,0),(395,462,0,0),(396,463,0,0),(397,464,0,0),(398,465,0,0),(399,466,0,0),(400,467,0,0),(401,468,0,0),(402,469,0,0),(403,470,0,0),(404,471,0,0),(405,472,0,0),(406,473,0,0),(407,474,0,0),(408,475,0,0),(409,476,0,0),(410,477,0,0),(411,478,0,0);

/*Table structure for table `t_star` */

DROP TABLE IF EXISTS `t_star`;

CREATE TABLE `t_star` (
  `star_id` int(11) NOT NULL AUTO_INCREMENT COMMENT '主键',
  `star_stu_id` int(11) NOT NULL COMMENT '学生id',
  `star_stu_date` date NOT NULL COMMENT '记录第几周的一周之星',
  PRIMARY KEY (`star_id`)
) ENGINE=InnoDB AUTO_INCREMENT=70 DEFAULT CHARSET=utf8;

/*Data for the table `t_star` */

insert  into `t_star`(`star_id`,`star_stu_id`,`star_stu_date`) values (51,369,'2016-05-02'),(52,371,'2016-05-02'),(53,370,'2016-05-02'),(54,372,'2016-05-02'),(55,375,'2016-05-02'),(56,376,'2016-05-02'),(57,377,'2016-05-02'),(58,369,'2016-08-15'),(59,370,'2016-08-15'),(60,371,'2016-08-15'),(63,374,'2016-08-15'),(64,375,'2016-08-15'),(65,376,'2016-08-15'),(66,377,'2016-08-15'),(67,378,'2016-08-15'),(68,379,'2016-08-15'),(69,380,'2016-08-15');

/*Table structure for table `t_stu_course` */

DROP TABLE IF EXISTS `t_stu_course`;

CREATE TABLE `t_stu_course` (
  `stu_cou_id` int(11) NOT NULL AUTO_INCREMENT COMMENT '主键',
  `stu_id` int(11) NOT NULL COMMENT '学生id',
  `cou_id` int(11) NOT NULL COMMENT '学习的课程id',
  `cou_finish` bit(1) NOT NULL DEFAULT b'0' COMMENT '0-未完成 1-已完成',
  PRIMARY KEY (`stu_cou_id`),
  UNIQUE KEY `UNIQUE` (`stu_id`,`cou_id`)
) ENGINE=InnoDB AUTO_INCREMENT=3 DEFAULT CHARSET=utf8;

/*Data for the table `t_stu_course` */

insert  into `t_stu_course`(`stu_cou_id`,`stu_id`,`cou_id`,`cou_finish`) values (1,369,30,'\0'),(2,370,30,'\0');

/*Table structure for table `t_stu_schedule` */

DROP TABLE IF EXISTS `t_stu_schedule`;

CREATE TABLE `t_stu_schedule` (
  `sch_id` int(11) NOT NULL AUTO_INCREMENT COMMENT '主键',
  `stu_id` int(11) NOT NULL COMMENT '学生id',
  `sec_id` int(11) NOT NULL COMMENT '课时id',
  `sec_condition` enum('1','2','3') NOT NULL DEFAULT '1' COMMENT '1-未学 2-正在学 3-已学',
  `sec_time` varchar(50) NOT NULL DEFAULT '0000-00-00 00:00:00' COMMENT '上次视频的播放时间',
  `sec_exam` bit(1) NOT NULL DEFAULT b'0' COMMENT '0-未测试 1-已测试',
  `cha_id` int(11) NOT NULL COMMENT '章id',
  PRIMARY KEY (`sch_id`)
) ENGINE=InnoDB AUTO_INCREMENT=23 DEFAULT CHARSET=utf8;

/*Data for the table `t_stu_schedule` */

insert  into `t_stu_schedule`(`sch_id`,`stu_id`,`sec_id`,`sec_condition`,`sec_time`,`sec_exam`,`cha_id`) values (18,369,751,'2','','',98),(19,369,751,'2','','',98),(20,370,751,'2','','',98),(21,369,751,'2','','',98),(22,369,767,'2','','\0',100);

/*Table structure for table `t_student` */

DROP TABLE IF EXISTS `t_student`;

CREATE TABLE `t_student` (
  `stu_id` int(11) NOT NULL AUTO_INCREMENT COMMENT '主键',
  `stu_number` varchar(16) NOT NULL DEFAULT '' COMMENT '学号',
  `stu_name` varchar(50) NOT NULL DEFAULT '' COMMENT '姓名',
  `stu_password` varchar(100) NOT NULL DEFAULT 'e10adc3949ba59abbe56e057f20f883e' COMMENT '密码',
  `stu_grade` enum('1','2','3','4','5') NOT NULL DEFAULT '1' COMMENT '年级（1-初一 2-初二 3-初三）',
  `stu_class` varchar(3) NOT NULL DEFAULT '1' COMMENT '初一班级',
  `stu_gender` varchar(10) NOT NULL DEFAULT 'male' COMMENT '性别',
  `stu_signature` varchar(100) NOT NULL DEFAULT '' COMMENT '个性签名',
  `stu_photo_url` varchar(200) NOT NULL DEFAULT '' COMMENT '图像路径',
  `stu_study_hour` bigint(11) NOT NULL DEFAULT '0' COMMENT '学习时长',
  `stu_discussion_num` int(11) NOT NULL DEFAULT '0' COMMENT '讨论次数',
  `stu_delete` bit(1) NOT NULL DEFAULT b'1' COMMENT '删除标志 1-未删除, 0-已删除',
  PRIMARY KEY (`stu_id`),
  UNIQUE KEY `NUMBER` (`stu_delete`,`stu_number`),
  KEY `gra_cla` (`stu_delete`,`stu_grade`,`stu_class`)
) ENGINE=InnoDB AUTO_INCREMENT=476 DEFAULT CHARSET=utf8;

/*Data for the table `t_student` */

insert  into `t_student`(`stu_id`,`stu_number`,`stu_name`,`stu_password`,`stu_grade`,`stu_class`,`stu_gender`,`stu_signature`,`stu_photo_url`,`stu_study_hour`,`stu_discussion_num`,`stu_delete`) values (369,'3114006001','詹旻安','e10adc3949ba59abbe56e057f20f883e','2','2','male','我是QG工作室的一员','2de5487d-e5f7-41a9-ad19-d7292791b8ab.jpeg',14542915,15,''),(370,'311401135','王日宇','e10adc3949ba59abbe56e057f20f883e','2','1','male','我是大师兄','e92ed53e-30ea-4cc1-8f26-9dab403640fa.jpeg',277802,0,''),(371,'311401136','黄映焜','e10adc3949ba59abbe56e057f20f883e','2','1','male','我是微信哥','898ebafc-e1e3-4c9c-8041-56bd3c52876d.jpeg',60857,13,''),(372,'311401137','陈思鹏','e10adc3949ba59abbe56e057f20f883e','2','1','male','我是陈思鹏','204e5b20-17f6-4314-aedc-01a3e8b6d6c0.jpeg',29731,0,''),(373,'311401138','莫树安','e10adc3949ba59abbe56e057f20f883e','2','1','male','我是莫树安','e3dc0929-908b-4abd-a52f-07e5aedc9c89.jpeg',2637001,0,''),(374,'311401139','李东海','e10adc3949ba59abbe56e057f20f883e','2','1','','','9259479e-e538-459a-967c-96d2dc0fa0c0.jpeg',1824978,0,''),(375,'311401140','廖进飘','e10adc3949ba59abbe56e057f20f883e','2','1','','','',0,0,''),(376,'311401141','于伟聪','e10adc3949ba59abbe56e057f20f883e','2','1','','','',0,0,''),(377,'311401142','钱杰明','e10adc3949ba59abbe56e057f20f883e','2','1','','','',0,0,''),(378,'311401143','周宇钦','e10adc3949ba59abbe56e057f20f883e','2','1','','','',0,0,''),(379,'311401144','陈家荣','e10adc3949ba59abbe56e057f20f883e','2','1','','','',0,0,''),(380,'311401145','陈少波','e10adc3949ba59abbe56e057f20f883e','2','1','','','',0,0,''),(381,'311401146','胡文峰','e10adc3949ba59abbe56e057f20f883e','2','1','','','',0,0,''),(382,'311401147','李伟淙','e10adc3949ba59abbe56e057f20f883e','2','1','','','',0,0,''),(383,'311401148','冯楚灵','e10adc3949ba59abbe56e057f20f883e','2','1','','','',0,0,''),(384,'311401149','张诗婷','e10adc3949ba59abbe56e057f20f883e','2','1','','','',0,0,''),(385,'311401150','温天信','e10adc3949ba59abbe56e057f20f883e','2','1','','','',0,0,''),(386,'311401151','陈俊铭','e10adc3949ba59abbe56e057f20f883e','2','1','','','',0,0,''),(387,'311401152','李锦敏','e10adc3949ba59abbe56e057f20f883e','2','1','','','',0,0,''),(388,'311401153','谢培丰','e10adc3949ba59abbe56e057f20f883e','2','1','','','',0,0,''),(389,'311401154','王永光','e10adc3949ba59abbe56e057f20f883e','2','1','','','',0,0,''),(390,'311401155','杨初喜','e10adc3949ba59abbe56e057f20f883e','2','1','','','',0,0,''),(391,'311401156','王江宝','e10adc3949ba59abbe56e057f20f883e','2','1','','','',0,0,''),(392,'311401157','范忠云','e10adc3949ba59abbe56e057f20f883e','2','1','','','',0,0,''),(393,'311401158','黄伟聪','e10adc3949ba59abbe56e057f20f883e','2','1','','','',0,0,''),(394,'311401159','唐尚文','e10adc3949ba59abbe56e057f20f883e','2','1','','','',0,0,''),(395,'311401160','黄昶','e10adc3949ba59abbe56e057f20f883e','2','1','','','',0,0,''),(396,'311401161','黄巍','e10adc3949ba59abbe56e057f20f883e','2','1','','','',0,0,''),(397,'311401162','张瑜标','e10adc3949ba59abbe56e057f20f883e','2','1','','','',0,0,''),(398,'311401163','吴贺扬','e10adc3949ba59abbe56e057f20f883e','2','1','','','',0,0,''),(399,'311401164','曾伟展','e10adc3949ba59abbe56e057f20f883e','2','1','','','',0,0,''),(400,'311401165','陈佳鹏','e10adc3949ba59abbe56e057f20f883e','2','1','','','',0,0,'\0'),(401,'311401166','庄梓佳','e10adc3949ba59abbe56e057f20f883e','3','1','','','',0,0,''),(402,'311401167','杨志豪','e10adc3949ba59abbe56e057f20f883e','3','1','','','',0,0,''),(403,'311401168','邱嘉裕','e10adc3949ba59abbe56e057f20f883e','3','1','','','',0,0,''),(404,'311401169','何自健','e10adc3949ba59abbe56e057f20f883e','3','1','','','',0,0,''),(405,'311401170','陈晓旋','e10adc3949ba59abbe56e057f20f883e','3','1','','','',0,0,''),(406,'311401171','陈巨鹏','e10adc3949ba59abbe56e057f20f883e','3','1','','','',0,0,''),(407,'311401172','陈坚梓','e10adc3949ba59abbe56e057f20f883e','3','1','','','',0,0,''),(408,'311401173','李凯明','e10adc3949ba59abbe56e057f20f883e','3','1','','','',0,0,''),(409,'311401174','薛永杰','e10adc3949ba59abbe56e057f20f883e','3','1','','','',0,0,''),(410,'311401175','郑铭伟','e10adc3949ba59abbe56e057f20f883e','3','1','','','',0,0,''),(411,'311401176','林杰升','e10adc3949ba59abbe56e057f20f883e','3','1','','','',0,0,''),(412,'311401177','梁智豪','e10adc3949ba59abbe56e057f20f883e','3','1','','','',0,0,''),(413,'311401178','汤智煌','e10adc3949ba59abbe56e057f20f883e','3','1','','','',0,0,''),(414,'311401179','庄锦坤','e10adc3949ba59abbe56e057f20f883e','3','1','','','',0,0,''),(415,'311401180','廖树坚','e10adc3949ba59abbe56e057f20f883e','3','1','','','',0,0,''),(416,'311401181','陈鉴文','e10adc3949ba59abbe56e057f20f883e','3','1','','','',0,0,''),(417,'311401182','张俊','e10adc3949ba59abbe56e057f20f883e','3','1','','','',0,0,''),(418,'311401183','刘伟才','e10adc3949ba59abbe56e057f20f883e','3','1','','','',0,0,''),(419,'311401184','郑湘华','e10adc3949ba59abbe56e057f20f883e','3','1','','','',0,0,''),(420,'311401185','梁明建','e10adc3949ba59abbe56e057f20f883e','3','1','','','',0,0,''),(421,'311401186','张桂盛','e10adc3949ba59abbe56e057f20f883e','3','1','','','',0,0,''),(422,'311401187','蔡金辉','e10adc3949ba59abbe56e057f20f883e','3','1','','','',0,0,''),(423,'311401188','柯泽广','e10adc3949ba59abbe56e057f20f883e','3','1','','','',0,0,''),(424,'311401189','刘小华','e10adc3949ba59abbe56e057f20f883e','3','1','','','',0,0,''),(425,'311401190','陈国斌','e10adc3949ba59abbe56e057f20f883e','3','1','','','',0,0,''),(426,'311401191','李水旺','e10adc3949ba59abbe56e057f20f883e','3','1','','','',0,0,''),(427,'311401192','连耿林','e10adc3949ba59abbe56e057f20f883e','3','1','','','',0,0,''),(428,'311401193','陈柏宁','e10adc3949ba59abbe56e057f20f883e','3','1','','','',0,0,''),(429,'311401194','黄铭盛','e10adc3949ba59abbe56e057f20f883e','3','1','','','',0,0,''),(430,'311401195','吴泰恒','e10adc3949ba59abbe56e057f20f883e','3','1','','','',0,0,''),(431,'311401196','黄灿峰','e10adc3949ba59abbe56e057f20f883e','3','1','','','',0,0,''),(432,'311401197','陈培财','e10adc3949ba59abbe56e057f20f883e','3','1','','','',0,0,''),(433,'311401198','郑亮松','e10adc3949ba59abbe56e057f20f883e','3','1','','','',0,0,''),(434,'311401199','张泽环','e10adc3949ba59abbe56e057f20f883e','3','1','','','',0,0,''),(435,'311401200','许柏炎','e10adc3949ba59abbe56e057f20f883e','3','1','','','',0,0,''),(436,'311401201','何伟寰','e10adc3949ba59abbe56e057f20f883e','3','1','','','',0,0,''),(437,'311401202','郭俊涛','e10adc3949ba59abbe56e057f20f883e','3','1','','','',0,0,''),(438,'311401203','李志豪','e10adc3949ba59abbe56e057f20f883e','3','1','','','',0,0,''),(439,'311401204','黄思猛','e10adc3949ba59abbe56e057f20f883e','3','1','','','',0,0,''),(440,'311401205','林润郁','e10adc3949ba59abbe56e057f20f883e','3','1','','','',0,0,''),(441,'311401206','卢耀稳','e10adc3949ba59abbe56e057f20f883e','3','1','','','',0,0,''),(442,'311401207','李思健','e10adc3949ba59abbe56e057f20f883e','3','1','','','',0,0,''),(443,'311401208','邱伯韬','e10adc3949ba59abbe56e057f20f883e','3','1','','','',0,0,''),(444,'311401209','周杨','e10adc3949ba59abbe56e057f20f883e','3','1','','','',0,0,''),(445,'311401210','周浩新','e10adc3949ba59abbe56e057f20f883e','3','1','','','',0,0,''),(446,'311401211','陈家启','e10adc3949ba59abbe56e057f20f883e','3','1','','','',0,0,''),(447,'311401212','雷泳聪','e10adc3949ba59abbe56e057f20f883e','3','1','','','',0,0,''),(448,'311401213','杨浩正','e10adc3949ba59abbe56e057f20f883e','3','1','','','',0,0,''),(449,'311401214','卓建欢','e10adc3949ba59abbe56e057f20f883e','3','1','','','',0,0,''),(450,'311401215','黄冠恒','e10adc3949ba59abbe56e057f20f883e','5','1','','','',0,0,'\0'),(451,'311401216','李培锋','e10adc3949ba59abbe56e057f20f883e','5','1','','','',0,0,'\0'),(452,'311401217',' 陈济斌','e10adc3949ba59abbe56e057f20f883e','5','1','','','',0,0,'\0'),(453,'311401218','邓苏城','e10adc3949ba59abbe56e057f20f883e','5','1','','','',0,0,'\0'),(454,'311401219','林洲','e10adc3949ba59abbe56e057f20f883e','5','1','','','',0,0,'\0'),(455,'311401220','张伟男','e10adc3949ba59abbe56e057f20f883e','5','1','','','',0,0,'\0'),(456,'311401221','杨浩','e10adc3949ba59abbe56e057f20f883e','5','1','','','',0,0,'\0'),(457,'311401222','吴健恺','e10adc3949ba59abbe56e057f20f883e','5','1','','','',0,0,'\0'),(458,'311401223','洪庚伟','e10adc3949ba59abbe56e057f20f883e','5','1','','','',0,0,'\0'),(459,'311401224','邢志勇','e10adc3949ba59abbe56e057f20f883e','5','1','','','',0,0,'\0'),(460,'311401225','陈秀怡','e10adc3949ba59abbe56e057f20f883e','5','1','','','',0,0,'\0'),(461,'311401226','陈世荣','e10adc3949ba59abbe56e057f20f883e','5','1','','','',0,0,'\0'),(462,'311401227','黄志明','e10adc3949ba59abbe56e057f20f883e','5','1','','','',0,0,'\0'),(463,'311401228','黄海清','e10adc3949ba59abbe56e057f20f883e','5','1','','','',0,0,'\0'),(464,'311401229','谢凌云','e10adc3949ba59abbe56e057f20f883e','5','1','','','',0,0,'\0'),(465,'311401230','陈飞','e10adc3949ba59abbe56e057f20f883e','5','1','','','',0,0,'\0'),(466,'311401231','陈文斌','e10adc3949ba59abbe56e057f20f883e','5','1','','','',0,0,'\0'),(467,'311401232','严建龙 ','e10adc3949ba59abbe56e057f20f883e','5','1','','','',0,0,'\0'),(468,'311401233','龚俊华','e10adc3949ba59abbe56e057f20f883e','5','1','','','',0,0,'\0'),(469,'311401234','胡雁平','e10adc3949ba59abbe56e057f20f883e','5','1','','','',0,0,'\0'),(470,'311401235','杨浩涛','e10adc3949ba59abbe56e057f20f883e','5','1','','','',0,0,'\0'),(471,'311401236','曾健','e10adc3949ba59abbe56e057f20f883e','5','1','','','',0,0,'\0'),(472,'311401237','杨世谨','e10adc3949ba59abbe56e057f20f883e','5','1','','','',0,0,'\0'),(473,'311401238','陈剑桥','e10adc3949ba59abbe56e057f20f883e','5','1','','','',0,0,'\0'),(474,'311401239','冯绮梦','e10adc3949ba59abbe56e057f20f883e','5','1','','','',0,0,'\0'),(475,'311401240','金春雨','e10adc3949ba59abbe56e057f20f883e','5','1','','','',0,0,'\0');

/*Table structure for table `t_teacher` */

DROP TABLE IF EXISTS `t_teacher`;

CREATE TABLE `t_teacher` (
  `tea_id` int(11) NOT NULL AUTO_INCREMENT COMMENT '主键',
  `tea_type` bit(1) NOT NULL DEFAULT b'1' COMMENT '1-超级管理员,0-老师',
  `tea_number` varchar(20) NOT NULL DEFAULT '' COMMENT '工号',
  `tea_name` varchar(50) NOT NULL DEFAULT '' COMMENT '姓名',
  `tea_password` varchar(100) NOT NULL DEFAULT '' COMMENT '密码',
  `tea_gender` varchar(10) NOT NULL DEFAULT '' COMMENT '性别',
  `tea_introduction` varchar(100) NOT NULL DEFAULT '' COMMENT '简介',
  `tea_photo_url` varchar(200) NOT NULL DEFAULT '' COMMENT '头像路径',
  `tea_delete` bit(1) NOT NULL DEFAULT b'1' COMMENT '0-已删除, 1-未删除',
  PRIMARY KEY (`tea_id`),
  UNIQUE KEY `TEANUM` (`tea_delete`,`tea_number`)
) ENGINE=InnoDB AUTO_INCREMENT=53 DEFAULT CHARSET=utf8;

/*Data for the table `t_teacher` */

insert  into `t_teacher`(`tea_id`,`tea_type`,`tea_number`,`tea_name`,`tea_password`,`tea_gender`,`tea_introduction`,`tea_photo_url`,`tea_delete`) values (1,'','1111','陈帅铭','e10adc3949ba59abbe56e057f20f883e','male','你号你号你号你号你号你号你号你号你号你号你号你号你号你号你号你号你号你号你号你号你号你号你号你号你号你号你号你号','5bfc33c1-e89f-456c-87b8-559f21fa33f9.jpg',''),(4,'','211400600','李志豪','e10adc3949ba59abbe56e057f20f883e','男','老师','','\0'),(5,'','211400601','黄思猛','e10adc3949ba59abbe56e057f20f883e','男','老师','','\0'),(6,'','211400602','林润郁','e10adc3949ba59abbe56e057f20f883e','男','老师','','\0'),(7,'','211400603','卢耀稳','e10adc3949ba59abbe56e057f20f883e','男','老师','','\0'),(8,'','211400604','李思健','e10adc3949ba59abbe56e057f20f883e','男','老师','','\0'),(9,'','211400605','邱伯韬','e10adc3949ba59abbe56e057f20f883e','男','老师','','\0'),(10,'\0','211400606','周杨','e10adc3949ba59abbe56e057f20f883e','男','老师','','\0'),(11,'\0','211400607','周浩新','e10adc3949ba59abbe56e057f20f883e','男','老师','','\0'),(12,'\0','211400608','陈家启','e10adc3949ba59abbe56e057f20f883e','男','老师','','\0'),(13,'\0','211400609','雷泳聪','e10adc3949ba59abbe56e057f20f883e','男','老师','','\0'),(14,'\0','211400610','杨浩正','e10adc3949ba59abbe56e057f20f883e','男','老师','','\0'),(15,'\0','211400611','卓建欢','e10adc3949ba59abbe56e057f20f883e','男','老师','','\0'),(16,'\0','211400612','黄冠恒','e10adc3949ba59abbe56e057f20f883e','男','老师','','\0'),(17,'\0','211400613','李培锋','e10adc3949ba59abbe56e057f20f883e','男','老师','','\0'),(18,'\0','211400614',' 陈济斌','e10adc3949ba59abbe56e057f20f883e','男','老师','','\0'),(19,'\0','211400615','邓苏城','e10adc3949ba59abbe56e057f20f883e','男','老师','','\0'),(20,'\0','211400616','林洲','e10adc3949ba59abbe56e057f20f883e','男','老师','','\0'),(21,'\0','211400617','张伟男','e10adc3949ba59abbe56e057f20f883e','男','老师','','\0'),(22,'\0','211400618','杨浩','e10adc3949ba59abbe56e057f20f883e','男','老师','','\0'),(23,'\0','211400619','吴健恺','e10adc3949ba59abbe56e057f20f883e','男','老师','','\0'),(24,'\0','211400620','洪庚伟','e10adc3949ba59abbe56e057f20f883e','男','老师','','\0'),(25,'\0','211400621','邢志勇','e10adc3949ba59abbe56e057f20f883e','男','老师','','\0'),(26,'\0','211400622','陈秀怡','e10adc3949ba59abbe56e057f20f883e','男','老师','','\0'),(27,'\0','211400623','陈世荣','e10adc3949ba59abbe56e057f20f883e','男','老师','','\0'),(28,'\0','211400624','黄志明','e10adc3949ba59abbe56e057f20f883e','男','老师','','\0'),(29,'\0','211400625','黄海清','e10adc3949ba59abbe56e057f20f883e','男','老师','','\0'),(30,'\0','211400626','谢凌云','e10adc3949ba59abbe56e057f20f883e','男','老师','','\0'),(31,'\0','211400627','陈飞','e10adc3949ba59abbe56e057f20f883e','男','老师','','\0'),(32,'\0','211400628','陈文斌','e10adc3949ba59abbe56e057f20f883e','男','老师','','\0'),(33,'\0','211400629','严建龙 ','e10adc3949ba59abbe56e057f20f883e','男','老师','','\0'),(34,'\0','211400630','龚俊华','e10adc3949ba59abbe56e057f20f883e','男','老师','','\0'),(35,'\0','211400631','胡雁平','e10adc3949ba59abbe56e057f20f883e','男','老师','','\0'),(36,'\0','211400632','杨浩涛','e10adc3949ba59abbe56e057f20f883e','男','老师','','\0'),(37,'\0','211400633','曾健','e10adc3949ba59abbe56e057f20f883e','男','老师','','\0'),(38,'\0','211400634','杨世谨','e10adc3949ba59abbe56e057f20f883e','男','老师','','\0'),(39,'\0','211400635','陈剑桥','e10adc3949ba59abbe56e057f20f883e','女','老师','','\0'),(40,'\0','211400636','冯绮梦','e10adc3949ba59abbe56e057f20f883e','女','老师','','\0'),(41,'\0','211400637','金春雨','e10adc3949ba59abbe56e057f20f883e','女','老师','','\0'),(42,'\0','211400638','黄松钦','e10adc3949ba59abbe56e057f20f883e','女','老师','','\0'),(43,'\0','211400639','张应利','e10adc3949ba59abbe56e057f20f883e','女','老师','','\0'),(44,'\0','211400640','巫焕哲','e10adc3949ba59abbe56e057f20f883e','女','老师','','\0'),(45,'\0','211400641','林广鑫','e10adc3949ba59abbe56e057f20f883e','女','老师','','\0'),(46,'\0','211400642','卫子麒','e10adc3949ba59abbe56e057f20f883e','女','老师','','\0'),(47,'\0','211400643','钟迪轩','e10adc3949ba59abbe56e057f20f883e','女','老师','','\0'),(48,'\0','211400644','徐展鸿','e10adc3949ba59abbe56e057f20f883e','女','老师','','\0'),(49,'\0','211400645','黄伟塨','e10adc3949ba59abbe56e057f20f883e','女','老师','','\0'),(50,'\0','211400646','梁伟鑫','e10adc3949ba59abbe56e057f20f883e','女','老师','','\0'),(51,'\0','211400647','朱美霞','e10adc3949ba59abbe56e057f20f883e','女','老师','','\0'),(52,'\0','211400648','石志清','e10adc3949ba59abbe56e057f20f883e','女','老师','','\0');

/*Table structure for table `t_topic` */

DROP TABLE IF EXISTS `t_topic`;

CREATE TABLE `t_topic` (
  `top_id` int(11) NOT NULL AUTO_INCREMENT COMMENT '主键',
  `top_user_id` int(11) NOT NULL COMMENT '发布者id',
  `top_sec_id` int(11) NOT NULL DEFAULT '-1' COMMENT '课程节id,默认-1时未和课程绑定',
  `lab_id` int(11) NOT NULL COMMENT '标签id',
  `top_user_enum` bit(1) NOT NULL DEFAULT b'0' COMMENT '标志用户身份 0-学生 1-老师',
  `top_tit` varchar(200) NOT NULL DEFAULT '',
  `top_time` datetime NOT NULL DEFAULT '0000-00-00 00:00:00' COMMENT '发布时间',
  `top_con` text NOT NULL COMMENT '记录话题内容',
  `top_read_num` int(11) NOT NULL DEFAULT '0' COMMENT '记录话题浏览量',
  `top_ans_num` int(11) NOT NULL DEFAULT '0' COMMENT '记录话题回答数',
  `top_is_up` bit(1) NOT NULL DEFAULT b'0' COMMENT '话题顶置0-未顶置 1-已顶置',
  PRIMARY KEY (`top_id`),
  KEY `lab_type` (`lab_id`,`top_user_enum`),
  KEY `user_type_time` (`top_user_enum`,`top_user_id`,`top_time`)
) ENGINE=MyISAM AUTO_INCREMENT=158662 DEFAULT CHARSET=utf8;

/*Data for the table `t_topic` */

/* Function  structure for function  `return_article_id` */

/*!50003 DROP FUNCTION IF EXISTS `return_article_id` */;
DELIMITER $$

/*!50003 CREATE DEFINER=`root`@`localhost` FUNCTION `return_article_id`(art_type_id INT(11),art_author_id INT(11),art_title VARCHAR(50),art_content TEXT,art_time DATETIME,art_click INT) RETURNS int(11)
BEGIN
	INSERT INTO t_article(art_type_id,art_author_id,art_title,art_content,art_time,art_click) 
	VALUES (art_type_id,art_author_id,art_title,art_content,art_time,art_click);
	RETURN LAST_INSERT_ID();
    END */$$
DELIMITER ;

/*!40101 SET SQL_MODE=@OLD_SQL_MODE */;
/*!40014 SET FOREIGN_KEY_CHECKS=@OLD_FOREIGN_KEY_CHECKS */;
/*!40014 SET UNIQUE_CHECKS=@OLD_UNIQUE_CHECKS */;
/*!40111 SET SQL_NOTES=@OLD_SQL_NOTES */;
